USD,EURO,MLC,Fecha
675,780,491,2026-07-24 17:00
675,780,491,2026-07-24 16:00
675,780,491,2026-07-24 15:00
675,780,491,2026-07-24 14:00
675,780,487,2026-07-24 13:00
675,780,487,2026-07-24 12:00
675,780,484,2026-07-24 11:00
675,780,484,2026-07-24 10:00
675,780,484,2026-07-24 09:00
675,780,484,2026-07-24 08:00
673,780,484,2026-07-24 07:00
673,780,484,2026-07-24 06:00
673,780,484,2026-07-24 05:00
673,780,484,2026-07-24 04:00
673,780,482,2026-07-24 03:00
673,780,482,2026-07-24 02:00
673,780,482,2026-07-24 01:00
673,780,482,2026-07-24 00:00
672,780,483,2026-07-23 23:00
672,780,483,2026-07-23 22:00
672,780,482,2026-07-23 21:00
672,780,482,2026-07-23 20:00
670,780,482,2026-07-23 19:00
670,780,482,2026-07-23 18:00
670,780,478,2026-07-23 17:00
670,780,478,2026-07-23 16:00
670,780,478,2026-07-23 15:00
670,780,478,2026-07-23 14:00
670,780,478,2026-07-23 13:00
670,780,478,2026-07-23 12:00
670,780,469,2026-07-23 11:00
670,780,469,2026-07-23 10:00
670,780,469,2026-07-23 09:00
670,780,469,2026-07-23 08:00
670,780,469,2026-07-23 07:00
670,780,469,2026-07-23 06:00
670,780,469,2026-07-23 05:00
670,780,466,2026-07-23 04:00
670,780,466,2026-07-23 03:00
670,780,466,2026-07-23 02:00
670,780,466,2026-07-23 01:00
670,780,466,2026-07-23 00:00
670,780,466,2026-07-22 23:00
670,780,466,2026-07-22 22:00
670,780,464,2026-07-22 21:00
670,780,464,2026-07-22 20:00
670,780,464,2026-07-22 19:00
670,780,464,2026-07-22 18:00
670,780,464,2026-07-22 17:00
670,780,464,2026-07-22 16:00
670,780,459,2026-07-22 15:00
670,780,459,2026-07-22 14:00
670,780,456,2026-07-22 13:00
670,780,434,2026-07-22 12:00
670,780,431,2026-07-22 11:00
670,780,439,2026-07-22 10:00
670,780,438,2026-07-22 09:00
670,780,438,2026-07-22 08:00
670,780,438,2026-07-22 07:00
670,780,438,2026-07-22 06:00
670,780,428,2026-07-22 05:00
670,780,428,2026-07-22 04:00
670,780,428,2026-07-22 03:00
670,780,428,2026-07-22 02:00
670,780,428,2026-07-22 01:00
670,780,428,2026-07-22 00:00
670,780,433,2026-07-21 23:00
670,780,428,2026-07-21 22:00
670,780,429,2026-07-21 21:00
670,777,429,2026-07-21 20:00
670,775,429,2026-07-21 19:00
670,777,429,2026-07-21 18:00
670,780,451,2026-07-21 17:00
670,780,451,2026-07-21 16:00
670,780,428,2026-07-21 15:00
670,780,428,2026-07-21 14:00
670,780,428,2026-07-21 13:00
670,780,428,2026-07-21 12:00
670,780,418,2026-07-21 11:00
670,780,428,2026-07-21 10:00
670,780,427,2026-07-21 09:00
670,772,427,2026-07-21 08:00
670,775,427,2026-07-21 07:00
670,775,427,2026-07-21 06:00
670,772,427,2026-07-21 05:00
670,772,427,2026-07-21 04:00
670,772,427,2026-07-21 03:00
670,775,427,2026-07-21 02:00
670,775,427,2026-07-21 01:00
670,775,427,2026-07-21 00:00
670,775,427,2026-07-20 23:00
670,775,427,2026-07-20 22:00
670,770,428,2026-07-20 21:00
670,770,428,2026-07-20 20:00
670,770,428,2026-07-20 19:00
670,770,433,2026-07-20 18:00
670,770,433,2026-07-20 17:00
670,770,432,2026-07-20 16:00
670,770,429,2026-07-20 15:00
670,770,427,2026-07-20 14:00
670,763,424,2026-07-20 13:00
670,770,422,2026-07-20 12:00
670,770,424,2026-07-20 11:00
670,765,421,2026-07-20 10:00
670,770,424,2026-07-20 09:00
670,770,424,2026-07-20 08:00
670,770,425,2026-07-20 07:00
670,770,424,2026-07-20 06:00
670,770,424,2026-07-20 05:00
670,770,424,2026-07-20 04:00
670,770,424,2026-07-20 03:00
670,770,424,2026-07-20 02:00
670,770,424,2026-07-20 01:00
670,770,424,2026-07-20 00:00
670,770,424,2026-07-19 23:00
670,772,425,2026-07-19 22:00
670,772,426,2026-07-19 21:00
670,766,426,2026-07-19 20:00
670,766,426,2026-07-19 19:00
670,770,427,2026-07-19 18:00
670,770,427,2026-07-19 17:00
670,770,427,2026-07-19 16:00
670,770,427,2026-07-19 15:00
670,770,427,2026-07-19 14:00
670,770,427,2026-07-19 13:00
665,770,427,2026-07-19 12:00
665,770,430,2026-07-19 11:00
665,770,426,2026-07-19 10:00
665,770,429,2026-07-19 09:00
665,770,429,2026-07-19 08:00
665,770,429,2026-07-19 07:00
665,770,429,2026-07-19 06:00
665,770,429,2026-07-19 05:00
665,770,429,2026-07-19 04:00
665,770,429,2026-07-19 03:00
665,770,428,2026-07-19 02:00
665,770,428,2026-07-19 01:00
665,770,429,2026-07-19 00:00
665,770,429,2026-07-18 23:00
665,770,431,2026-07-18 22:00
665,770,429,2026-07-18 21:00
665,770,430,2026-07-18 20:00
665,770,430,2026-07-18 19:00
665,770,432,2026-07-18 18:00
665,770,432,2026-07-18 17:00
665,770,429,2026-07-18 16:00
665,762,429,2026-07-18 15:00
665,770,421,2026-07-18 14:00
665,770,421,2026-07-18 13:00
665,770,429,2026-07-18 12:00
665,770,429,2026-07-18 11:00
665,770,432,2026-07-18 10:00
660,770,433,2026-07-18 09:00
660,770,430,2026-07-18 08:00
660,770,429,2026-07-18 07:00
660,770,428,2026-07-18 06:00
660,770,428,2026-07-18 05:00
660,770,428,2026-07-18 04:00
660,770,428,2026-07-18 03:00
660,770,427,2026-07-18 02:00
660,770,427,2026-07-18 01:00
660,770,429,2026-07-18 00:00
660,770,428,2026-07-17 23:00
660,770,433,2026-07-17 22:00
660,770,434,2026-07-17 21:00
660,770,433,2026-07-17 20:00
660,770,435,2026-07-17 19:00
660,770,434,2026-07-17 18:00
660,770,434,2026-07-17 17:00
660,765,433,2026-07-17 16:00
660,760,429,2026-07-17 15:00
660,760,429,2026-07-17 14:00
660,760,429,2026-07-17 13:00
660,760,428,2026-07-17 12:00
660,760,438,2026-07-17 11:00
660,760,440,2026-07-17 10:00
660,760,437,2026-07-17 09:00
660,760,438,2026-07-17 08:00
660,760,441,2026-07-17 07:00
660,760,437,2026-07-17 06:00
660,760,437,2026-07-17 05:00
660,760,434,2026-07-17 04:00
660,760,434,2026-07-17 03:00
660,760,434,2026-07-17 02:00
660,760,434,2026-07-17 01:00
660,760,436,2026-07-17 00:00
660,760,436,2026-07-16 23:00
660,760,436,2026-07-16 22:00
660,760,438,2026-07-16 21:00
660,760,438,2026-07-16 20:00
660,760,441,2026-07-16 19:00
660,760,441,2026-07-16 18:00
660,760,441,2026-07-16 17:00
660,760,427,2026-07-16 16:00
660,760,427,2026-07-16 15:00
660,760,427,2026-07-16 14:00
660,760,428,2026-07-16 13:00
660,760,427,2026-07-16 12:00
660,760,437,2026-07-16 11:00
660,760,440,2026-07-16 10:00
660,760,440,2026-07-16 09:00
660,760,442,2026-07-16 08:00
660,760,439,2026-07-16 07:00
660,760,439,2026-07-16 06:00
660,760,439,2026-07-16 05:00
660,760,439,2026-07-16 04:00
660,760,439,2026-07-16 03:00
660,760,439,2026-07-16 02:00
660,760,439,2026-07-16 01:00
660,760,443,2026-07-16 00:00
660,760,443,2026-07-15 23:00
660,760,442,2026-07-15 22:00
660,760,442,2026-07-15 21:00
660,760,442,2026-07-15 20:00
660,760,442,2026-07-15 19:00
660,760,442,2026-07-15 18:00
660,760,442,2026-07-15 17:00
660,760,433,2026-07-15 16:00
660,760,433,2026-07-15 15:00
660,760,425,2026-07-15 14:00
660,760,426,2026-07-15 13:00
660,757,425,2026-07-15 12:00
660,758,440,2026-07-15 11:00
660,757,455,2026-07-15 10:00
660,755,459,2026-07-15 09:00
660,757,458,2026-07-15 08:00
660,760,456,2026-07-15 07:00
660,760,448,2026-07-15 06:00
660,760,448,2026-07-15 05:00
660,760,448,2026-07-15 04:00
660,760,448,2026-07-15 03:00
660,760,448,2026-07-15 02:00
660,760,448,2026-07-15 01:00
660,760,456,2026-07-15 00:00
660,760,448,2026-07-14 23:00
660,760,455,2026-07-14 22:00
660,760,455,2026-07-14 21:00
660,760,455,2026-07-14 20:00
660,760,455,2026-07-14 19:00
660,760,454,2026-07-14 18:00
660,760,451,2026-07-14 17:00
660,760,451,2026-07-14 16:00
660,760,450,2026-07-14 15:00
660,760,450,2026-07-14 14:00
660,760,452,2026-07-14 13:00
660,760,451,2026-07-14 12:00
660,760,450,2026-07-14 11:00
660,760,451,2026-07-14 10:00
660,757,451,2026-07-14 09:00
660,755,460,2026-07-14 08:00
660,760,460,2026-07-14 07:00
660,760,460,2026-07-14 06:00
660,760,460,2026-07-14 05:00
660,760,460,2026-07-14 04:00
660,760,460,2026-07-14 03:00
660,755,460,2026-07-14 02:00
660,755,460,2026-07-14 01:00
660,755,460,2026-07-14 00:00
660,757,452,2026-07-13 23:00
660,755,451,2026-07-13 22:00
660,755,451,2026-07-13 21:00
660,757,490,2026-07-13 20:00
660,760,470,2026-07-13 19:00
660,760,470,2026-07-13 18:00
660,760,470,2026-07-13 17:00
660,757,450,2026-07-13 16:00
660,757,450,2026-07-13 15:00
660,757,450,2026-07-13 14:00
660,760,450,2026-07-13 13:00
660,760,450,2026-07-13 12:00
660,760,450,2026-07-13 11:00
660,760,450,2026-07-13 10:00
660,760,450,2026-07-13 09:00
660,760,450,2026-07-13 08:00
660,760,450,2026-07-13 07:00
660,760,450,2026-07-13 06:00
660,760,450,2026-07-13 05:00
660,760,450,2026-07-13 04:00
660,760,450,2026-07-13 03:00
660,760,450,2026-07-13 02:00
660,760,450,2026-07-13 01:00
660,760,450,2026-07-13 00:00
660,760,450,2026-07-12 23:00
662,760,445,2026-07-12 22:00
660,760,445,2026-07-12 21:00
660,760,445,2026-07-12 20:00
665,760,445,2026-07-12 19:00
665,760,445,2026-07-12 18:00
665,765,440,2026-07-12 17:00
665,760,435,2026-07-12 16:00
665,765,450,2026-07-12 15:00
665,760,430,2026-07-12 14:00
665,760,430,2026-07-12 13:00
665,760,430,2026-07-12 12:00
665,760,440,2026-07-12 11:00
665,760,445,2026-07-12 10:00
665,760,440,2026-07-12 09:00
665,760,440,2026-07-12 08:00
665,760,440,2026-07-12 07:00
665,760,440,2026-07-12 06:00
665,760,440,2026-07-12 05:00
665,760,440,2026-07-12 04:00
665,760,440,2026-07-12 03:00
665,760,440,2026-07-12 02:00
665,760,440,2026-07-12 01:00
665,760,440,2026-07-12 00:00
665,760,440,2026-07-11 23:00
665,760,440,2026-07-11 22:00
665,760,430,2026-07-11 21:00
665,760,460,2026-07-11 20:00
665,760,460,2026-07-11 19:00
665,760,460,2026-07-11 18:00
665,760,460,2026-07-11 17:00
665,770,460,2026-07-11 16:00
670,760,430,2026-07-11 15:00
670,760,425,2026-07-11 14:00
670,760,415,2026-07-11 13:00
670,760,410,2026-07-11 12:00
670,760,410,2026-07-11 11:00
670,762,410,2026-07-11 10:00
670,760,410,2026-07-11 09:00
670,760,410,2026-07-11 08:00
670,760,410,2026-07-11 07:00
670,760,410,2026-07-11 06:00
670,760,410,2026-07-11 05:00
670,760,410,2026-07-11 04:00
670,760,410,2026-07-11 03:00
670,760,410,2026-07-11 02:00
670,760,410,2026-07-11 01:00
670,760,410,2026-07-11 00:00
670,760,410,2026-07-10 23:00
670,760,410,2026-07-10 22:00
670,760,410,2026-07-10 21:00
670,760,410,2026-07-10 20:00
670,760,410,2026-07-10 19:00
670,760,410,2026-07-10 18:00
670,762,410,2026-07-10 17:00
670,760,410,2026-07-10 16:00
670,760,410,2026-07-10 15:00
670,760,410,2026-07-10 14:00
670,760,410,2026-07-10 13:00
670,760,420,2026-07-10 12:00
670,760,425,2026-07-10 11:00
670,760,440,2026-07-10 10:00
670,760,450,2026-07-10 09:00
675,760,450,2026-07-10 08:00
675,760,450,2026-07-10 07:00
675,760,450,2026-07-10 06:00
675,760,450,2026-07-10 05:00
675,760,450,2026-07-10 04:00
675,760,450,2026-07-10 03:00
675,760,450,2026-07-10 02:00
675,760,450,2026-07-10 01:00
675,760,450,2026-07-10 00:00
675,760,450,2026-07-09 23:00
675,760,450,2026-07-09 22:00
675,760,450,2026-07-09 21:00
675,760,450,2026-07-09 20:00
675,760,450,2026-07-09 19:00
675,760,450,2026-07-09 18:00
675,760,450,2026-07-09 17:00
675,760,470,2026-07-09 16:00
675,760,495,2026-07-09 15:00
675,760,490,2026-07-09 14:00
680,760,490,2026-07-09 13:00
680,760,495,2026-07-09 12:00
680,760,492,2026-07-09 11:00
680,760,490,2026-07-09 10:00
680,760,490,2026-07-09 09:00
680,760,490,2026-07-09 08:00
680,760,490,2026-07-09 07:00
680,760,485,2026-07-09 06:00
680,760,480,2026-07-09 05:00
680,760,480,2026-07-09 04:00
680,760,480,2026-07-09 03:00
680,760,485,2026-07-09 02:00
680,760,485,2026-07-09 01:00
680,760,490,2026-07-09 00:00
680,760,490,2026-07-08 23:00
680,760,490,2026-07-08 22:00
680,765,490,2026-07-08 21:00
680,760,490,2026-07-08 20:00
680,760,490,2026-07-08 19:00
680,760,490,2026-07-08 18:00
680,760,495,2026-07-08 17:00
680,760,495,2026-07-08 16:00
680,760,495,2026-07-08 15:00
680,760,495,2026-07-08 14:00
680,760,492,2026-07-08 13:00
680,757,495,2026-07-08 12:00
680,760,492,2026-07-08 11:00
680,760,490,2026-07-08 10:00
680,760,490,2026-07-08 09:00
680,760,490,2026-07-08 08:00
680,760,490,2026-07-08 07:00
680,760,490,2026-07-08 06:00
680,760,490,2026-07-08 05:00
680,760,490,2026-07-08 04:00
680,760,490,2026-07-08 03:00
680,760,490,2026-07-08 02:00
680,760,490,2026-07-08 01:00
680,760,490,2026-07-08 00:00
680,760,490,2026-07-07 23:00
680,760,490,2026-07-07 22:00
680,770,490,2026-07-07 21:00
680,770,485,2026-07-07 20:00
675,770,490,2026-07-07 19:00
675,770,485,2026-07-07 18:00
675,770,485,2026-07-07 17:00
675,770,485,2026-07-07 16:00
675,760,485,2026-07-07 15:00
675,760,485,2026-07-07 14:00
680,760,480,2026-07-07 13:00
680,760,480,2026-07-07 12:00
680,770,480,2026-07-07 11:00
680,770,490,2026-07-07 10:00
680,760,490,2026-07-07 09:00
680,760,490,2026-07-07 08:00
680,765,490,2026-07-07 07:00
680,765,490,2026-07-07 06:00
680,770,490,2026-07-07 05:00
680,770,490,2026-07-07 04:00
680,770,490,2026-07-07 03:00
680,770,490,2026-07-07 02:00
680,770,490,2026-07-07 01:00
680,770,490,2026-07-07 00:00
680,770,490,2026-07-06 23:00
680,770,490,2026-07-06 22:00
680,765,490,2026-07-06 21:00
680,770,490,2026-07-06 20:00
680,770,490,2026-07-06 19:00
680,770,480,2026-07-06 18:00
675,770,490,2026-07-06 17:00
675,770,490,2026-07-06 16:00
675,770,490,2026-07-06 15:00
675,760,490,2026-07-06 14:00
670,760,490,2026-07-06 13:00
672,760,490,2026-07-06 12:00
670,760,490,2026-07-06 11:00
670,770,500,2026-07-06 10:00
670,770,500,2026-07-06 09:00
670,770,500,2026-07-06 08:00
670,770,500,2026-07-06 07:00
670,770,490,2026-07-06 06:00
670,765,490,2026-07-06 05:00
670,765,490,2026-07-06 04:00
670,765,490,2026-07-06 03:00
670,765,490,2026-07-06 02:00
670,760,490,2026-07-06 01:00
670,760,490,2026-07-06 00:00
670,760,490,2026-07-05 23:00
670,762,500,2026-07-05 22:00
670,760,490,2026-07-05 21:00
670,760,490,2026-07-05 20:00
670,760,490,2026-07-05 19:00
670,760,490,2026-07-05 18:00
670,760,490,2026-07-05 17:00
670,760,490,2026-07-05 16:00
670,760,490,2026-07-05 15:00
665,750,490,2026-07-05 14:00
665,750,490,2026-07-05 13:00
660,750,500,2026-07-05 12:00
660,750,500,2026-07-05 11:00
660,750,500,2026-07-05 10:00
660,750,500,2026-07-05 09:00
660,750,500,2026-07-05 08:00
660,750,500,2026-07-05 07:00
660,750,495,2026-07-05 06:00
660,750,495,2026-07-05 05:00
660,750,495,2026-07-05 04:00
660,750,495,2026-07-05 03:00
660,750,490,2026-07-05 02:00
660,750,490,2026-07-05 01:00
660,750,490,2026-07-05 00:00
660,750,490,2026-07-04 23:00
660,750,490,2026-07-04 22:00
660,750,490,2026-07-04 21:00
660,750,490,2026-07-04 20:00
660,750,495,2026-07-04 19:00
660,750,495,2026-07-04 18:00
652,750,495,2026-07-04 17:00
653,750,495,2026-07-04 16:00
650,750,490,2026-07-04 15:00
650,750,490,2026-07-04 14:00
650,730,490,2026-07-04 13:00
650,730,490,2026-07-04 12:00
650,720,490,2026-07-04 11:00
650,720,490,2026-07-04 10:00
650,720,495,2026-07-04 09:00
645,720,490,2026-07-04 08:00
645,720,492,2026-07-04 07:00
645,720,492,2026-07-04 06:00
645,720,492,2026-07-04 05:00
645,720,492,2026-07-04 04:00
645,720,492,2026-07-04 03:00
645,720,492,2026-07-04 02:00
645,720,492,2026-07-04 01:00
645,720,490,2026-07-04 00:00
645,720,490,2026-07-03 23:00
645,720,490,2026-07-03 22:00
645,720,487,2026-07-03 21:00
645,720,490,2026-07-03 20:00
640,720,490,2026-07-03 19:00
640,720,490,2026-07-03 18:00
640,720,490,2026-07-03 17:00
640,720,490,2026-07-03 16:00
640,720,495,2026-07-03 15:00
640,720,495,2026-07-03 14:00
640,720,495,2026-07-03 13:00
635,720,500,2026-07-03 12:00
635,720,500,2026-07-03 11:00
635,720,500,2026-07-03 10:00
635,720,500,2026-07-03 09:00
635,720,500,2026-07-03 08:00
630,720,500,2026-07-03 07:00
630,720,500,2026-07-03 06:00
630,720,500,2026-07-03 05:00
630,720,500,2026-07-03 04:00
630,720,500,2026-07-03 03:00
630,720,500,2026-07-03 02:00
630,720,500,2026-07-03 01:00
630,720,500,2026-07-03 00:00
630,720,500,2026-07-02 23:00
630,720,500,2026-07-02 22:00
630,720,500,2026-07-02 21:00
630,720,500,2026-07-02 20:00
630,715,490,2026-07-02 19:00
630,715,490,2026-07-02 18:00
630,712,497,2026-07-02 17:00
630,710,500,2026-07-02 16:00
630,715,500,2026-07-02 15:00
630,715,500,2026-07-02 14:00
625,710,500,2026-07-02 13:00
625,715,495,2026-07-02 12:00
625,710,497,2026-07-02 11:00
620,710,500,2026-07-02 10:00
620,700,497,2026-07-02 09:00
620,700,497,2026-07-02 08:00
620,700,497,2026-07-02 07:00
620,700,497,2026-07-02 06:00
620,700,497,2026-07-02 05:00
620,700,497,2026-07-02 04:00
620,700,497,2026-07-02 03:00
620,700,500,2026-07-02 02:00
620,700,500,2026-07-02 01:00
620,700,500,2026-07-02 00:00
620,700,500,2026-07-01 23:00
620,700,500,2026-07-01 22:00
620,700,500,2026-07-01 21:00
620,700,500,2026-07-01 20:00
620,700,500,2026-07-01 19:00
620,700,500,2026-07-01 18:00
620,700,500,2026-07-01 17:00
620,700,500,2026-07-01 16:00
615,700,500,2026-07-01 15:00
615,700,530,2026-07-01 14:00
610,700,530,2026-07-01 13:00
610,700,530,2026-07-01 12:00
610,700,500,2026-07-01 11:00
610,700,500,2026-07-01 10:00
610,700,500,2026-07-01 09:00
610,700,500,2026-07-01 08:00
610,700,500,2026-07-01 07:00
610,700,515,2026-07-01 06:00
610,700,515,2026-07-01 05:00
610,700,515,2026-07-01 04:00
610,700,500,2026-07-01 03:00
610,700,500,2026-07-01 02:00
610,700,500,2026-07-01 01:00
610,700,500,2026-07-01 00:00
610,700,530,2026-06-30 23:00
610,700,515,2026-06-30 22:00
610,700,500,2026-06-30 21:00
610,700,500,2026-06-30 20:00
610,700,490,2026-06-30 19:00
610,700,490,2026-06-30 18:00
610,700,500,2026-06-30 17:00
605,700,525,2026-06-30 16:00
605,700,525,2026-06-30 15:00
605,700,525,2026-06-30 14:00
605,700,495,2026-06-30 13:00
605,700,500,2026-06-30 12:00
608,700,500,2026-06-30 11:00
605,700,500,2026-06-30 10:00
600,700,490,2026-06-30 09:00
600,700,490,2026-06-30 08:00
600,700,490,2026-06-30 07:00
600,700,490,2026-06-30 06:00
600,700,490,2026-06-30 05:00
600,700,490,2026-06-30 04:00
600,700,490,2026-06-30 03:00
601,700,490,2026-06-30 02:00
600,700,490,2026-06-30 01:00
600,700,490,2026-06-30 00:00
601,700,495,2026-06-29 23:00
600,700,490,2026-06-29 22:00
600,700,495,2026-06-29 21:00
600,700,500,2026-06-29 20:00
600,700,500,2026-06-29 19:00
600,700,500,2026-06-29 18:00
600,700,500,2026-06-29 17:00
605,700,530,2026-06-29 16:00
605,700,530,2026-06-29 15:00
605,700,530,2026-06-29 14:00
605,700,510,2026-06-29 13:00
610,700,500,2026-06-29 12:00
610,700,500,2026-06-29 11:00
610,700,500,2026-06-29 10:00
610,700,490,2026-06-29 09:00
610,700,490,2026-06-29 08:00
610,700,490,2026-06-29 07:00
610,700,490,2026-06-29 06:00
610,700,490,2026-06-29 05:00
610,700,490,2026-06-29 04:00
610,700,490,2026-06-29 03:00
610,700,490,2026-06-29 02:00
620,700,490,2026-06-29 01:00
610,700,485,2026-06-29 00:00
610,700,485,2026-06-28 23:00
610,700,487,2026-06-28 22:00
610,700,487,2026-06-28 21:00
610,700,487,2026-06-28 20:00
610,700,490,2026-06-28 19:00
610,700,480,2026-06-28 18:00
610,700,480,2026-06-28 17:00
610,700,500,2026-06-28 16:00
610,700,500,2026-06-28 15:00
610,700,590,2026-06-28 14:00
615,700,510,2026-06-28 13:00
620,710,500,2026-06-28 12:00
620,715,480,2026-06-28 11:00
620,715,482,2026-06-28 10:00
620,720,485,2026-06-28 09:00
620,715,485,2026-06-28 08:00
620,720,490,2026-06-28 07:00
622,720,490,2026-06-28 06:00
620,720,490,2026-06-28 05:00
625,720,490,2026-06-28 04:00
625,720,490,2026-06-28 03:00
625,720,490,2026-06-28 02:00
625,720,490,2026-06-28 01:00
625,720,490,2026-06-28 00:00
625,720,490,2026-06-27 23:00
630,720,490,2026-06-27 22:00
630,720,490,2026-06-27 21:00
630,720,490,2026-06-27 20:00
630,720,490,2026-06-27 19:00
630,720,490,2026-06-27 18:00
630,730,490,2026-06-27 17:00
630,720,490,2026-06-27 16:00
630,730,490,2026-06-27 15:00
635,730,490,2026-06-27 14:00
640,740,500,2026-06-27 13:00
640,740,500,2026-06-27 12:00
640,750,495,2026-06-27 11:00
645,750,490,2026-06-27 10:00
650,750,490,2026-06-27 09:00
650,750,490,2026-06-27 08:00
650,750,490,2026-06-27 07:00
650,750,490,2026-06-27 06:00
650,750,490,2026-06-27 05:00
650,750,490,2026-06-27 04:00
650,750,490,2026-06-27 03:00
650,750,490,2026-06-27 02:00
650,750,490,2026-06-27 01:00
650,750,490,2026-06-27 00:00
650,750,490,2026-06-26 23:00
650,750,490,2026-06-26 22:00
650,750,490,2026-06-26 21:00
650,750,490,2026-06-26 20:00
650,750,490,2026-06-26 19:00
650,750,490,2026-06-26 18:00
650,750,490,2026-06-26 17:00
650,750,490,2026-06-26 16:00
660,755,490,2026-06-26 15:00
660,760,490,2026-06-26 14:00
660,760,490,2026-06-26 13:00
660,765,490,2026-06-26 12:00
665,770,490,2026-06-26 11:00
665,770,490,2026-06-26 10:00
670,770,490,2026-06-26 09:00
670,770,490,2026-06-26 08:00
670,770,490,2026-06-26 07:00
670,770,490,2026-06-26 06:00
670,770,490,2026-06-26 05:00
670,770,490,2026-06-26 04:00
670,770,490,2026-06-26 03:00
670,770,490,2026-06-26 02:00
670,770,490,2026-06-26 01:00
670,770,490,2026-06-26 00:00
670,770,490,2026-06-25 23:00
670,770,490,2026-06-25 22:00
670,770,490,2026-06-25 21:00
670,770,490,2026-06-25 20:00
670,770,490,2026-06-25 19:00
675,780,492,2026-06-25 18:00
675,780,492,2026-06-25 17:00
675,780,492,2026-06-25 16:00
680,780,492,2026-06-25 15:00
680,782,500,2026-06-25 14:00
680,782,500,2026-06-25 13:00
680,790,500,2026-06-25 12:00
685,790,500,2026-06-25 11:00
685,790,500,2026-06-25 10:00
685,790,500,2026-06-25 09:00
685,790,500,2026-06-25 08:00
685,790,500,2026-06-25 07:00
685,790,500,2026-06-25 06:00
685,790,500,2026-06-25 05:00
685,790,500,2026-06-25 04:00
685,790,500,2026-06-25 03:00
685,790,500,2026-06-25 02:00
685,790,500,2026-06-25 01:00
685,790,510,2026-06-25 00:00
685,790,510,2026-06-24 23:00
690,790,510,2026-06-24 22:00
690,792,510,2026-06-24 21:00
690,792,510,2026-06-24 20:00
690,792,510,2026-06-24 19:00
690,797,510,2026-06-24 18:00
690,795,510,2026-06-24 17:00
690,795,510,2026-06-24 16:00
690,800,510,2026-06-24 15:00
690,800,510,2026-06-24 14:00
695,800,510,2026-06-24 13:00
695,800,510,2026-06-24 12:00
695,800,500,2026-06-24 11:00
695,800,500,2026-06-24 10:00
695,800,500,2026-06-24 09:00
695,800,500,2026-06-24 08:00
695,800,510,2026-06-24 07:00
695,800,510,2026-06-24 06:00
695,800,510,2026-06-24 05:00
695,800,510,2026-06-24 04:00
695,800,500,2026-06-24 03:00
695,800,500,2026-06-24 02:00
695,800,500,2026-06-24 01:00
695,800,500,2026-06-24 00:00
695,800,500,2026-06-23 23:00
695,800,500,2026-06-23 22:00
695,800,500,2026-06-23 21:00
695,800,500,2026-06-23 20:00
695,800,500,2026-06-23 19:00
695,800,500,2026-06-23 18:00
695,800,500,2026-06-23 17:00
695,800,500,2026-06-23 16:00
695,800,515,2026-06-23 15:00
699,800,515,2026-06-23 14:00
698,800,515,2026-06-23 13:00
700,800,515,2026-06-23 12:00
700,800,515,2026-06-23 11:00
700,800,515,2026-06-23 10:00
695,800,485,2026-06-23 09:00
695,800,485,2026-06-23 08:00
695,800,485,2026-06-23 07:00
695,800,485,2026-06-23 06:00
695,800,485,2026-06-23 05:00
695,800,485,2026-06-23 04:00
695,800,485,2026-06-23 03:00
695,800,485,2026-06-23 02:00
695,800,485,2026-06-23 01:00
695,800,450,2026-06-23 00:00
695,800,450,2026-06-22 23:00
695,800,470,2026-06-22 22:00
695,800,450,2026-06-22 21:00
695,800,460,2026-06-22 20:00
695,800,460,2026-06-22 19:00
695,800,460,2026-06-22 18:00
695,800,460,2026-06-22 17:00
695,800,500,2026-06-22 16:00
695,800,500,2026-06-22 15:00
700,810,500,2026-06-22 14:00
700,810,500,2026-06-22 13:00
695,800,500,2026-06-22 12:00
695,800,500,2026-06-22 11:00
695,800,510,2026-06-22 10:00
695,800,510,2026-06-22 09:00
695,800,510,2026-06-22 08:00
700,800,510,2026-06-22 07:00
695,800,510,2026-06-22 06:00
695,800,510,2026-06-22 05:00
695,800,510,2026-06-22 04:00
695,800,510,2026-06-22 03:00
695,800,510,2026-06-22 02:00
695,800,510,2026-06-22 01:00
695,800,510,2026-06-22 00:00
695,800,510,2026-06-21 23:00
695,800,510,2026-06-21 22:00
695,800,510,2026-06-21 21:00
695,800,510,2026-06-21 20:00
695,800,510,2026-06-21 19:00
695,800,510,2026-06-21 18:00
695,800,497,2026-06-21 17:00
695,800,510,2026-06-21 16:00
695,800,510,2026-06-21 15:00
695,800,505,2026-06-21 14:00
695,800,505,2026-06-21 13:00
695,800,500,2026-06-21 12:00
695,800,510,2026-06-21 11:00
695,800,510,2026-06-21 10:00
695,800,507,2026-06-21 09:00
695,800,507,2026-06-21 08:00
695,800,510,2026-06-21 07:00
695,800,510,2026-06-21 06:00
695,800,510,2026-06-21 05:00
695,800,510,2026-06-21 04:00
695,800,510,2026-06-21 03:00
695,800,510,2026-06-21 02:00
695,800,510,2026-06-21 01:00
695,800,510,2026-06-21 00:00
695,800,500,2026-06-20 23:00
695,800,500,2026-06-20 22:00
695,800,500,2026-06-20 21:00
695,800,500,2026-06-20 20:00
695,800,500,2026-06-20 19:00
695,800,500,2026-06-20 18:00
695,800,512,2026-06-20 17:00
695,800,505,2026-06-20 16:00
695,795,505,2026-06-20 15:00
695,795,505,2026-06-20 14:00
695,795,505,2026-06-20 13:00
695,795,505,2026-06-20 12:00
695,795,505,2026-06-20 11:00
695,795,505,2026-06-20 10:00
695,795,505,2026-06-20 09:00
695,795,505,2026-06-20 08:00
695,795,505,2026-06-20 07:00
694,795,505,2026-06-20 06:00
692,795,505,2026-06-20 05:00
692,795,505,2026-06-20 04:00
692,795,505,2026-06-20 03:00
692,795,505,2026-06-20 02:00
692,795,505,2026-06-20 01:00
692,795,505,2026-06-20 00:00
690,795,505,2026-06-19 23:00
690,795,505,2026-06-19 22:00
690,795,500,2026-06-19 21:00
690,797,500,2026-06-19 20:00
690,795,500,2026-06-19 19:00
690,795,500,2026-06-19 18:00
690,800,500,2026-06-19 17:00
690,800,500,2026-06-19 16:00
690,795,500,2026-06-19 15:00
690,795,500,2026-06-19 14:00
690,795,500,2026-06-19 13:00
690,795,500,2026-06-19 12:00
690,790,500,2026-06-19 11:00
690,790,500,2026-06-19 10:00
690,790,500,2026-06-19 09:00
690,790,500,2026-06-19 08:00
700,790,500,2026-06-19 07:00
690,790,500,2026-06-19 06:00
690,790,500,2026-06-19 05:00
690,790,500,2026-06-19 04:00
690,790,500,2026-06-19 03:00
690,790,500,2026-06-19 02:00
690,790,500,2026-06-19 01:00
690,790,500,2026-06-19 00:00
690,790,500,2026-06-18 23:00
690,785,500,2026-06-18 22:00
690,787,500,2026-06-18 21:00
690,787,500,2026-06-18 20:00
690,787,500,2026-06-18 19:00
690,785,500,2026-06-18 18:00
685,785,500,2026-06-18 17:00
685,785,500,2026-06-18 16:00
685,785,520,2026-06-18 15:00
685,785,510,2026-06-18 14:00
685,785,500,2026-06-18 13:00
685,785,500,2026-06-18 12:00
685,785,500,2026-06-18 11:00
685,780,500,2026-06-18 10:00
685,780,500,2026-06-18 09:00
685,780,500,2026-06-18 08:00
685,785,500,2026-06-18 07:00
685,785,500,2026-06-18 06:00
685,785,500,2026-06-18 05:00
685,785,500,2026-06-18 04:00
685,785,500,2026-06-18 03:00
685,785,500,2026-06-18 02:00
685,785,500,2026-06-18 01:00
685,785,500,2026-06-18 00:00
685,787,500,2026-06-17 23:00
685,785,500,2026-06-17 22:00
685,790,500,2026-06-17 21:00
685,785,500,2026-06-17 20:00
685,785,500,2026-06-17 19:00
685,785,500,2026-06-17 18:00
685,785,500,2026-06-17 17:00
685,785,500,2026-06-17 16:00
685,785,500,2026-06-17 15:00
685,782,500,2026-06-17 14:00
685,785,500,2026-06-17 13:00
682,782,500,2026-06-17 12:00
680,780,500,2026-06-17 11:00
680,780,500,2026-06-17 10:00
680,780,500,2026-06-17 09:00
680,780,500,2026-06-17 08:00
680,778,500,2026-06-17 07:00
680,777,500,2026-06-17 06:00
680,777,500,2026-06-17 05:00
680,777,500,2026-06-17 04:00
680,777,500,2026-06-17 03:00
680,777,500,2026-06-17 02:00
680,776,500,2026-06-17 01:00
680,780,500,2026-06-17 00:00
680,780,500,2026-06-16 23:00
680,777,500,2026-06-16 22:00
680,776,500,2026-06-16 21:00
680,775,500,2026-06-16 20:00
680,775,500,2026-06-16 19:00
680,775,500,2026-06-16 18:00
680,775,500,2026-06-16 17:00
680,775,500,2026-06-16 16:00
680,775,500,2026-06-16 15:00
680,775,500,2026-06-16 14:00
680,775,500,2026-06-16 13:00
680,775,500,2026-06-16 12:00
677,775,500,2026-06-16 11:00
675,775,500,2026-06-16 10:00
675,772,500,2026-06-16 09:00
673,770,505,2026-06-16 08:00
670,770,500,2026-06-16 07:00
670,770,500,2026-06-16 06:00
670,770,500,2026-06-16 05:00
670,772,500,2026-06-16 04:00
670,775,500,2026-06-16 03:00
670,775,500,2026-06-16 02:00
670,775,500,2026-06-16 01:00
670,775,500,2026-06-16 00:00
670,775,510,2026-06-15 23:00
670,775,510,2026-06-15 22:00
670,770,510,2026-06-15 21:00
670,770,510,2026-06-15 20:00
670,770,510,2026-06-15 19:00
670,770,510,2026-06-15 18:00
670,770,510,2026-06-15 17:00
670,770,510,2026-06-15 16:00
670,770,510,2026-06-15 15:00
670,770,510,2026-06-15 14:00
670,770,510,2026-06-15 13:00
670,770,510,2026-06-15 12:00
670,775,510,2026-06-15 11:00
670,770,510,2026-06-15 10:00
675,770,510,2026-06-15 09:00
670,770,510,2026-06-15 08:00
670,770,510,2026-06-15 07:00
670,770,510,2026-06-15 06:00
670,770,510,2026-06-15 05:00
670,770,510,2026-06-15 04:00
670,770,510,2026-06-15 03:00
670,770,510,2026-06-15 02:00
670,770,510,2026-06-15 01:00
666,770,510,2026-06-15 00:00
665,770,510,2026-06-14 23:00
665,770,510,2026-06-14 22:00
665,770,510,2026-06-14 21:00
670,770,480,2026-06-14 20:00
668,770,450,2026-06-14 19:00
670,770,450,2026-06-14 18:00
665,775,510,2026-06-14 17:00
665,775,510,2026-06-14 16:00
665,775,510,2026-06-14 15:00
660,770,480,2026-06-14 14:00
660,770,480,2026-06-14 13:00
660,770,480,2026-06-14 12:00
660,770,445,2026-06-14 11:00
660,765,440,2026-06-14 10:00
660,762,440,2026-06-14 09:00
660,760,440,2026-06-14 08:00
660,760,440,2026-06-14 07:00
660,760,440,2026-06-14 06:00
660,760,440,2026-06-14 05:00
660,760,440,2026-06-14 04:00
660,760,440,2026-06-14 03:00
660,760,440,2026-06-14 02:00
660,760,440,2026-06-14 01:00
660,760,440,2026-06-14 00:00
660,760,440,2026-06-13 23:00
660,760,440,2026-06-13 22:00
660,760,445,2026-06-13 21:00
660,760,440,2026-06-13 20:00
660,760,440,2026-06-13 19:00
660,760,440,2026-06-13 18:00
660,760,450,2026-06-13 17:00
660,760,450,2026-06-13 16:00
660,760,450,2026-06-13 15:00
660,750,455,2026-06-13 14:00
660,750,455,2026-06-13 13:00
660,750,450,2026-06-13 12:00
660,750,450,2026-06-13 11:00
655,750,450,2026-06-13 10:00
655,750,450,2026-06-13 09:00
655,750,445,2026-06-13 08:00
655,750,445,2026-06-13 07:00
655,750,440,2026-06-13 06:00
655,750,440,2026-06-13 05:00
655,750,440,2026-06-13 04:00
655,750,440,2026-06-13 03:00
655,750,440,2026-06-13 02:00
655,750,440,2026-06-13 01:00
655,750,440,2026-06-13 00:00
655,750,427,2026-06-12 23:00
655,750,427,2026-06-12 22:00
655,750,425,2026-06-12 21:00
655,750,427,2026-06-12 20:00
650,750,410,2026-06-12 19:00
650,750,410,2026-06-12 18:00
650,750,410,2026-06-12 17:00
650,750,400,2026-06-12 16:00
650,750,410,2026-06-12 15:00
650,745,410,2026-06-12 14:00
650,745,410,2026-06-12 13:00
650,745,400,2026-06-12 12:00
650,745,400,2026-06-12 11:00
650,740,400,2026-06-12 10:00
650,740,400,2026-06-12 09:00
650,740,412,2026-06-12 08:00
650,740,432,2026-06-12 07:00
650,740,432,2026-06-12 06:00
650,740,432,2026-06-12 05:00
650,740,432,2026-06-12 04:00
650,740,432,2026-06-12 03:00
650,740,432,2026-06-12 02:00
650,740,432,2026-06-12 01:00
650,740,432,2026-06-12 00:00
650,735,412,2026-06-11 23:00
650,735,400,2026-06-11 22:00
645,730,500,2026-06-11 21:00
645,730,500,2026-06-11 20:00
645,730,500,2026-06-11 19:00
645,730,480,2026-06-11 18:00
645,730,460,2026-06-11 17:00
645,730,480,2026-06-11 16:00
645,730,480,2026-06-11 15:00
640,730,545,2026-06-11 14:00
640,730,545,2026-06-11 13:00
640,730,540,2026-06-11 12:00
640,730,550,2026-06-11 11:00
640,730,480,2026-06-11 10:00
640,730,480,2026-06-11 09:00
640,730,455,2026-06-11 08:00
640,730,455,2026-06-11 07:00
645,730,450,2026-06-11 06:00
640,730,450,2026-06-11 05:00
640,730,450,2026-06-11 04:00
640,730,450,2026-06-11 03:00
640,730,450,2026-06-11 02:00
640,730,450,2026-06-11 01:00
640,730,450,2026-06-11 00:00
640,730,450,2026-06-10 23:00
640,730,450,2026-06-10 22:00
640,730,450,2026-06-10 21:00
640,730,450,2026-06-10 20:00
640,730,455,2026-06-10 19:00
640,730,455,2026-06-10 18:00
640,725,440,2026-06-10 17:00
640,725,440,2026-06-10 16:00
640,727,440,2026-06-10 15:00
640,720,437,2026-06-10 14:00
635,720,430,2026-06-10 13:00
635,720,430,2026-06-10 12:00
635,720,430,2026-06-10 11:00
635,720,430,2026-06-10 10:00
635,715,440,2026-06-10 09:00
635,715,440,2026-06-10 08:00
635,715,437,2026-06-10 07:00
635,715,437,2026-06-10 06:00
635,715,437,2026-06-10 05:00
635,715,437,2026-06-10 04:00
635,715,437,2026-06-10 03:00
635,715,437,2026-06-10 02:00
635,715,437,2026-06-10 01:00
635,715,440,2026-06-10 00:00
635,715,440,2026-06-09 23:00
635,715,440,2026-06-09 22:00
634,715,440,2026-06-09 21:00
630,715,435,2026-06-09 20:00
633,715,435,2026-06-09 19:00
630,715,450,2026-06-09 18:00
630,715,450,2026-06-09 17:00
630,715,450,2026-06-09 16:00
630,715,450,2026-06-09 15:00
630,715,450,2026-06-09 14:00
630,715,450,2026-06-09 13:00
630,715,450,2026-06-09 12:00
630,715,450,2026-06-09 11:00
630,710,450,2026-06-09 10:00
630,710,430,2026-06-09 09:00
630,710,422,2026-06-09 08:00
630,710,425,2026-06-09 07:00
630,710,425,2026-06-09 06:00
630,710,425,2026-06-09 05:00
630,710,425,2026-06-09 04:00
630,710,425,2026-06-09 03:00
630,710,425,2026-06-09 02:00
630,710,425,2026-06-09 01:00
630,710,422,2026-06-09 00:00
630,710,422,2026-06-08 23:00
630,710,422,2026-06-08 22:00
630,710,422,2026-06-08 21:00
630,710,425,2026-06-08 20:00
630,710,425,2026-06-08 19:00
630,710,450,2026-06-08 18:00
630,710,430,2026-06-08 17:00
625,710,425,2026-06-08 16:00
625,710,450,2026-06-08 15:00
625,710,470,2026-06-08 14:00
625,710,450,2026-06-08 13:00
625,710,430,2026-06-08 12:00
625,710,430,2026-06-08 11:00
625,710,480,2026-06-08 10:00
625,710,480,2026-06-08 09:00
625,710,455,2026-06-08 08:00
625,710,430,2026-06-08 07:00
625,710,455,2026-06-08 06:00
625,710,455,2026-06-08 05:00
625,710,455,2026-06-08 04:00
625,710,455,2026-06-08 03:00
625,710,455,2026-06-08 02:00
625,710,430,2026-06-08 01:00
625,710,480,2026-06-08 00:00
625,710,480,2026-06-07 23:00
625,710,480,2026-06-07 22:00
625,710,465,2026-06-07 21:00
620,710,437,2026-06-07 20:00
620,710,437,2026-06-07 19:00
620,707,412,2026-06-07 18:00
620,710,440,2026-06-07 17:00
620,710,432,2026-06-07 16:00
620,710,445,2026-06-07 15:00
620,710,450,2026-06-07 14:00
620,710,450,2026-06-07 13:00
620,705,450,2026-06-07 12:00
620,700,450,2026-06-07 11:00
620,705,450,2026-06-07 10:00
620,705,450,2026-06-07 09:00
620,705,450,2026-06-07 08:00
620,705,450,2026-06-07 07:00
620,705,450,2026-06-07 06:00
620,705,450,2026-06-07 05:00
620,705,450,2026-06-07 04:00
620,705,450,2026-06-07 03:00
620,705,450,2026-06-07 02:00
620,705,450,2026-06-07 01:00
620,705,450,2026-06-07 00:00
620,705,445,2026-06-06 23:00
620,705,445,2026-06-06 22:00
620,705,432,2026-06-06 21:00
620,705,432,2026-06-06 20:00
620,700,410,2026-06-06 19:00
620,700,410,2026-06-06 18:00
620,700,445,2026-06-06 17:00
620,700,450,2026-06-06 16:00
615,700,540,2026-06-06 15:00
615,700,540,2026-06-06 14:00
615,700,450,2026-06-06 13:00
615,700,450,2026-06-06 12:00
615,700,475,2026-06-06 11:00
615,700,500,2026-06-06 10:00
615,700,500,2026-06-06 09:00
615,700,450,2026-06-06 08:00
615,700,450,2026-06-06 07:00
615,700,450,2026-06-06 06:00
615,700,450,2026-06-06 05:00
615,700,450,2026-06-06 04:00
615,700,475,2026-06-06 03:00
615,700,475,2026-06-06 02:00
615,700,475,2026-06-06 01:00
615,700,475,2026-06-06 00:00
615,700,475,2026-06-05 23:00
615,700,475,2026-06-05 22:00
615,700,450,2026-06-05 21:00
615,700,450,2026-06-05 20:00
615,700,450,2026-06-05 19:00
615,700,450,2026-06-05 18:00
615,695,450,2026-06-05 17:00
610,695,450,2026-06-05 16:00
610,692,435,2026-06-05 15:00
610,690,420,2026-06-05 14:00
610,690,420,2026-06-05 13:00
610,687,430,2026-06-05 12:00
610,687,425,2026-06-05 11:00
610,687,425,2026-06-05 10:00
610,690,420,2026-06-05 09:00
610,690,410,2026-06-05 08:00
610,690,405,2026-06-05 07:00
610,690,405,2026-06-05 06:00
610,690,405,2026-06-05 05:00
610,690,405,2026-06-05 04:00
610,690,405,2026-06-05 03:00
610,690,400,2026-06-05 02:00
610,690,400,2026-06-05 01:00
610,690,400,2026-06-05 00:00
610,690,400,2026-06-04 23:00
610,690,400,2026-06-04 22:00
610,690,400,2026-06-04 21:00
605,690,400,2026-06-04 20:00
605,690,400,2026-06-04 19:00
605,690,400,2026-06-04 18:00
605,690,400,2026-06-04 17:00
605,690,400,2026-06-04 16:00
605,680,400,2026-06-04 15:00
600,683,400,2026-06-04 14:00
600,683,400,2026-06-04 13:00
600,680,400,2026-06-04 12:00
600,680,415,2026-06-04 11:00
600,680,415,2026-06-04 10:00
600,680,410,2026-06-04 09:00
600,680,410,2026-06-04 08:00
600,680,410,2026-06-04 07:00
600,680,410,2026-06-04 06:00
600,680,410,2026-06-04 05:00
600,680,410,2026-06-04 04:00
600,680,410,2026-06-04 03:00
600,680,410,2026-06-04 02:00
600,680,410,2026-06-04 01:00
600,680,410,2026-06-04 00:00
600,680,410,2026-06-03 23:00
600,680,410,2026-06-03 22:00
600,680,410,2026-06-03 21:00
600,680,410,2026-06-03 20:00
600,680,410,2026-06-03 19:00
600,680,400,2026-06-03 18:00
600,680,400,2026-06-03 17:00
600,680,400,2026-06-03 16:00
600,680,400,2026-06-03 15:00
600,680,400,2026-06-03 14:00
600,670,400,2026-06-03 13:00
600,670,400,2026-06-03 12:00
600,670,400,2026-06-03 11:00
600,665,400,2026-06-03 10:00
600,615,400,2026-06-03 09:00
600,615,400,2026-06-03 08:00
600,570,400,2026-06-03 07:00
600,635,400,2026-06-03 06:00
600,635,400,2026-06-03 05:00
600,635,400,2026-06-03 04:00
600,635,400,2026-06-03 03:00
600,635,400,2026-06-03 02:00
600,635,400,2026-06-03 01:00
600,635,400,2026-06-03 00:00
600,640,390,2026-06-02 23:00
600,640,390,2026-06-02 22:00
600,637,395,2026-06-02 21:00
600,635,400,2026-06-02 20:00
600,640,400,2026-06-02 19:00
600,640,400,2026-06-02 18:00
595,640,395,2026-06-02 17:00
595,640,400,2026-06-02 16:00
595,640,400,2026-06-02 15:00
595,645,400,2026-06-02 14:00
595,645,400,2026-06-02 13:00
595,645,400,2026-06-02 12:00
595,645,400,2026-06-02 11:00
595,635,400,2026-06-02 10:00
595,635,400,2026-06-02 09:00
595,635,400,2026-06-02 08:00
595,635,400,2026-06-02 07:00
595,635,400,2026-06-02 06:00
595,635,400,2026-06-02 05:00
595,635,400,2026-06-02 04:00
595,635,400,2026-06-02 03:00
595,635,400,2026-06-02 02:00
595,635,400,2026-06-02 01:00
595,635,400,2026-06-02 00:00
595,637,407,2026-06-01 23:00
595,637,400,2026-06-01 22:00
595,637,400,2026-06-01 21:00
592,640,400,2026-06-01 20:00
595,640,400,2026-06-01 19:00
592,640,400,2026-06-01 18:00
592,642,400,2026-06-01 17:00
597,642,400,2026-06-01 16:00
590,642,400,2026-06-01 15:00
590,642,400,2026-06-01 14:00
590,640,400,2026-06-01 13:00
590,645,412,2026-06-01 12:00
610,645,415,2026-06-01 11:00
585,645,417,2026-06-01 10:00
585,645,405,2026-06-01 09:00
585,647,405,2026-06-01 08:00
585,647,405,2026-06-01 07:00
585,650,405,2026-06-01 06:00
585,650,405,2026-06-01 05:00
585,650,405,2026-06-01 04:00
585,650,405,2026-06-01 03:00
585,650,405,2026-06-01 02:00
585,650,405,2026-06-01 01:00
585,650,405,2026-06-01 00:00
585,650,410,2026-05-31 23:00
585,650,410,2026-05-31 22:00
585,650,405,2026-05-31 21:00
584,650,405,2026-05-31 20:00
584,650,405,2026-05-31 19:00
585,650,400,2026-05-31 18:00
585,650,400,2026-05-31 17:00
580,640,400,2026-05-31 16:00
580,647,390,2026-05-31 15:00
580,650,400,2026-05-31 14:00
580,650,400,2026-05-31 13:00
580,650,400,2026-05-31 12:00
580,650,400,2026-05-31 11:00
580,645,400,2026-05-31 10:00
580,645,400,2026-05-31 09:00
580,650,400,2026-05-31 08:00
580,645,395,2026-05-31 07:00
580,645,395,2026-05-31 06:00
580,645,395,2026-05-31 05:00
580,650,395,2026-05-31 04:00
580,650,395,2026-05-31 03:00
580,650,395,2026-05-31 02:00
580,650,395,2026-05-31 01:00
580,645,395,2026-05-31 00:00
580,645,395,2026-05-30 23:00
580,645,395,2026-05-30 22:00
580,645,390,2026-05-30 21:00
580,645,390,2026-05-30 20:00
580,647,390,2026-05-30 19:00
580,650,390,2026-05-30 18:00
580,650,390,2026-05-30 17:00
580,650,390,2026-05-30 16:00
580,650,390,2026-05-30 15:00
579,650,390,2026-05-30 14:00
580,647,390,2026-05-30 13:00
575,645,390,2026-05-30 12:00
575,645,390,2026-05-30 11:00
575,645,402,2026-05-30 10:00
575,645,407,2026-05-30 09:00
575,645,407,2026-05-30 08:00
575,645,410,2026-05-30 07:00
575,645,410,2026-05-30 06:00
575,645,410,2026-05-30 05:00
575,645,410,2026-05-30 04:00
575,645,410,2026-05-30 03:00
575,645,410,2026-05-30 02:00
575,645,410,2026-05-30 01:00
575,645,410,2026-05-30 00:00
575,645,410,2026-05-29 23:00
575,645,410,2026-05-29 22:00
577,645,420,2026-05-29 21:00
577,645,420,2026-05-29 20:00
577,645,420,2026-05-29 19:00
577,645,420,2026-05-29 18:00
570,645,415,2026-05-29 17:00
570,645,415,2026-05-29 16:00
585,645,420,2026-05-29 15:00
585,645,420,2026-05-29 14:00
575,642,417,2026-05-29 13:00
573,640,422,2026-05-29 12:00
575,640,420,2026-05-29 11:00
575,640,420,2026-05-29 10:00
573,640,420,2026-05-29 09:00
572,640,420,2026-05-29 08:00
572,640,420,2026-05-29 07:00
585,640,420,2026-05-29 06:00
570,640,420,2026-05-29 05:00
570,640,420,2026-05-29 04:00
570,640,420,2026-05-29 03:00
570,640,420,2026-05-29 02:00
570,640,420,2026-05-29 01:00
570,642,415,2026-05-29 00:00
570,645,415,2026-05-28 23:00
570,645,415,2026-05-28 22:00
570,645,415,2026-05-28 21:00
570,645,415,2026-05-28 20:00
570,645,412,2026-05-28 19:00
570,645,410,2026-05-28 18:00
570,645,410,2026-05-28 17:00
570,645,410,2026-05-28 16:00
570,645,410,2026-05-28 15:00
570,645,410,2026-05-28 14:00
570,645,415,2026-05-28 13:00
580,650,410,2026-05-28 12:00
570,645,407,2026-05-28 11:00
570,645,405,2026-05-28 10:00
570,645,407,2026-05-28 09:00
570,645,410,2026-05-28 08:00
570,645,410,2026-05-28 07:00
568,645,410,2026-05-28 06:00
568,645,410,2026-05-28 05:00
568,645,410,2026-05-28 04:00
568,645,410,2026-05-28 03:00
568,645,410,2026-05-28 02:00
568,645,410,2026-05-28 01:00
568,645,410,2026-05-28 00:00
568,645,410,2026-05-27 23:00
568,645,410,2026-05-27 22:00
567,645,410,2026-05-27 21:00
565,645,425,2026-05-27 20:00
565,645,425,2026-05-27 19:00
565,642,425,2026-05-27 18:00
563,645,425,2026-05-27 17:00
563,645,425,2026-05-27 16:00
570,645,425,2026-05-27 15:00
570,640,430,2026-05-27 14:00
570,640,430,2026-05-27 13:00
565,640,420,2026-05-27 12:00
565,640,420,2026-05-27 11:00
565,640,415,2026-05-27 10:00
565,640,420,2026-05-27 09:00
561,640,390,2026-05-27 08:00
562,640,420,2026-05-27 07:00
562,640,420,2026-05-27 06:00
561,640,420,2026-05-27 05:00
561,640,420,2026-05-27 04:00
561,640,420,2026-05-27 03:00
561,640,420,2026-05-27 02:00
560,640,417,2026-05-27 01:00
560,640,417,2026-05-27 00:00
560,640,412,2026-05-26 23:00
560,640,405,2026-05-26 22:00
560,640,405,2026-05-26 21:00
560,640,405,2026-05-26 20:00
560,635,425,2026-05-26 19:00
560,635,425,2026-05-26 18:00
560,636,422,2026-05-26 17:00
560,635,422,2026-05-26 16:00
568,645,422,2026-05-26 15:00
573,635,425,2026-05-26 14:00
575,635,425,2026-05-26 13:00
565,635,427,2026-05-26 12:00
567,630,430,2026-05-26 11:00
565,635,425,2026-05-26 10:00
566,635,405,2026-05-26 09:00
560,635,415,2026-05-26 08:00
560,635,415,2026-05-26 07:00
560,635,415,2026-05-26 06:00
560,635,415,2026-05-26 05:00
560,635,415,2026-05-26 04:00
560,635,415,2026-05-26 03:00
560,635,415,2026-05-26 02:00
560,635,427,2026-05-26 01:00
560,635,427,2026-05-26 00:00
560,635,427,2026-05-25 23:00
560,635,415,2026-05-25 22:00
560,635,405,2026-05-25 21:00
560,635,402,2026-05-25 20:00
560,632,400,2026-05-25 19:00
560,630,400,2026-05-25 18:00
560,632,400,2026-05-25 17:00
560,635,400,2026-05-25 16:00
560,635,400,2026-05-25 15:00
560,635,400,2026-05-25 14:00
560,635,400,2026-05-25 13:00
560,640,400,2026-05-25 12:00
560,640,400,2026-05-25 11:00
560,640,400,2026-05-25 10:00
560,640,400,2026-05-25 09:00
570,637,400,2026-05-25 08:00
560,635,400,2026-05-25 07:00
560,635,400,2026-05-25 06:00
560,635,400,2026-05-25 05:00
560,635,400,2026-05-25 04:00
560,635,400,2026-05-25 03:00
560,635,400,2026-05-25 02:00
560,635,400,2026-05-25 01:00
560,635,400,2026-05-25 00:00
560,640,400,2026-05-24 23:00
560,640,400,2026-05-24 22:00
560,640,400,2026-05-24 21:00
560,640,400,2026-05-24 20:00
560,640,400,2026-05-24 19:00
560,635,400,2026-05-24 18:00
560,635,400,2026-05-24 17:00
560,635,400,2026-05-24 16:00
560,635,400,2026-05-24 15:00
560,635,400,2026-05-24 14:00
560,635,400,2026-05-24 13:00
560,635,400,2026-05-24 12:00
560,635,400,2026-05-24 11:00
560,635,400,2026-05-24 10:00
560,635,400,2026-05-24 09:00
560,635,400,2026-05-24 08:00
560,635,400,2026-05-24 07:00
560,635,400,2026-05-24 06:00
560,635,400,2026-05-24 05:00
560,635,400,2026-05-24 04:00
560,635,400,2026-05-24 03:00
560,635,400,2026-05-24 02:00
560,635,400,2026-05-24 01:00
560,635,400,2026-05-24 00:00
560,635,405,2026-05-23 23:00
560,635,400,2026-05-23 22:00
560,635,400,2026-05-23 21:00
560,635,400,2026-05-23 20:00
560,635,400,2026-05-23 19:00
560,635,400,2026-05-23 18:00
560,635,400,2026-05-23 17:00
560,640,400,2026-05-23 16:00
560,640,400,2026-05-23 15:00
560,640,400,2026-05-23 14:00
560,640,390,2026-05-23 13:00
560,635,390,2026-05-23 12:00
560,640,400,2026-05-23 11:00
558,637,400,2026-05-23 10:00
558,637,400,2026-05-23 09:00
558,640,411,2026-05-23 08:00
558,635,412,2026-05-23 07:00
558,635,412,2026-05-23 06:00
558,635,412,2026-05-23 05:00
558,635,412,2026-05-23 04:00
558,635,412,2026-05-23 03:00
558,635,412,2026-05-23 02:00
558,635,412,2026-05-23 01:00
555,635,412,2026-05-23 00:00
558,635,412,2026-05-22 23:00
558,635,412,2026-05-22 22:00
556,635,410,2026-05-22 21:00
556,635,405,2026-05-22 20:00
556,635,410,2026-05-22 19:00
556,635,410,2026-05-22 18:00
556,635,405,2026-05-22 17:00
556,635,405,2026-05-22 16:00
556,635,400,2026-05-22 15:00
556,634,400,2026-05-22 14:00
560,630,405,2026-05-22 13:00
555,630,410,2026-05-22 12:00
560,645,425,2026-05-22 11:00
555,630,410,2026-05-22 10:00
555,630,405,2026-05-22 09:00
555,630,400,2026-05-22 08:00
555,630,402,2026-05-22 07:00
555,630,402,2026-05-22 06:00
555,630,402,2026-05-22 05:00
555,630,402,2026-05-22 04:00
555,630,402,2026-05-22 03:00
555,630,402,2026-05-22 02:00
555,630,402,2026-05-22 01:00
555,632,402,2026-05-22 00:00
550,632,400,2026-05-21 23:00
554,630,400,2026-05-21 22:00
554,630,400,2026-05-21 21:00
555,635,400,2026-05-21 20:00
555,635,402,2026-05-21 19:00
552,640,407,2026-05-21 18:00
553,640,405,2026-05-21 17:00
553,640,405,2026-05-21 16:00
553,640,405,2026-05-21 15:00
553,640,405,2026-05-21 14:00
555,640,405,2026-05-21 13:00
555,640,407,2026-05-21 12:00
550,640,410,2026-05-21 11:00
550,640,410,2026-05-21 10:00
550,640,410,2026-05-21 09:00
550,640,410,2026-05-21 08:00
550,640,410,2026-05-21 07:00
550,640,410,2026-05-21 06:00
550,640,410,2026-05-21 05:00
550,640,410,2026-05-21 04:00
550,640,410,2026-05-21 03:00
550,640,410,2026-05-21 02:00
550,640,410,2026-05-21 01:00
550,640,410,2026-05-21 00:00
550,640,407,2026-05-20 23:00
550,640,405,2026-05-20 22:00
550,640,405,2026-05-20 21:00
550,640,405,2026-05-20 20:00
550,640,407,2026-05-20 19:00
550,640,407,2026-05-20 18:00
550,640,405,2026-05-20 17:00
550,640,407,2026-05-20 16:00
560,640,407,2026-05-20 15:00
557,643,408,2026-05-20 14:00
557,643,420,2026-05-20 13:00
558,635,420,2026-05-20 12:00
550,635,420,2026-05-20 11:00
550,635,420,2026-05-20 10:00
550,635,420,2026-05-20 09:00
550,635,420,2026-05-20 08:00
550,635,420,2026-05-20 07:00
550,635,420,2026-05-20 06:00
555,635,420,2026-05-20 05:00
550,635,420,2026-05-20 04:00
550,635,420,2026-05-20 03:00
550,635,420,2026-05-20 02:00
550,635,420,2026-05-20 01:00
550,635,420,2026-05-20 00:00
550,635,420,2026-05-19 23:00
550,630,420,2026-05-19 22:00
550,632,420,2026-05-19 21:00
550,632,420,2026-05-19 20:00
550,630,420,2026-05-19 19:00
550,625,420,2026-05-19 18:00
550,625,420,2026-05-19 17:00
550,630,420,2026-05-19 16:00
550,627,420,2026-05-19 15:00
551,625,420,2026-05-19 14:00
554,635,430,2026-05-19 13:00
555,635,430,2026-05-19 12:00
550,625,400,2026-05-19 11:00
550,625,410,2026-05-19 10:00
550,630,407,2026-05-19 09:00
550,630,415,2026-05-19 08:00
550,630,407,2026-05-19 07:00
550,625,415,2026-05-19 06:00
550,625,415,2026-05-19 05:00
550,625,415,2026-05-19 04:00
550,625,415,2026-05-19 03:00
550,625,415,2026-05-19 02:00
550,625,415,2026-05-19 01:00
550,625,407,2026-05-19 00:00
550,625,407,2026-05-18 23:00
550,625,407,2026-05-18 22:00
550,625,407,2026-05-18 21:00
550,625,407,2026-05-18 20:00
550,627,400,2026-05-18 19:00
550,625,400,2026-05-18 18:00
550,625,400,2026-05-18 17:00
550,625,400,2026-05-18 16:00
545,625,430,2026-05-18 15:00
550,625,415,2026-05-18 14:00
547,640,417,2026-05-18 13:00
548,625,400,2026-05-18 12:00
548,625,400,2026-05-18 11:00
550,625,395,2026-05-18 10:00
548,625,400,2026-05-18 09:00
550,625,410,2026-05-18 08:00
548,625,410,2026-05-18 07:00
548,625,410,2026-05-18 06:00
548,625,410,2026-05-18 05:00
548,625,410,2026-05-18 04:00
548,625,410,2026-05-18 03:00
548,625,410,2026-05-18 02:00
548,625,410,2026-05-18 01:00
550,625,410,2026-05-18 00:00
549,625,410,2026-05-17 23:00
550,625,410,2026-05-17 22:00
548,625,410,2026-05-17 21:00
548,625,410,2026-05-17 20:00
548,625,410,2026-05-17 19:00
547,625,405,2026-05-17 18:00
547,625,405,2026-05-17 17:00
547,630,400,2026-05-17 16:00
547,630,400,2026-05-17 15:00
547,630,400,2026-05-17 14:00
547,630,400,2026-05-17 13:00
546,630,400,2026-05-17 12:00
548,630,400,2026-05-17 11:00
548,630,400,2026-05-17 10:00
548,630,400,2026-05-17 09:00
548,630,400,2026-05-17 08:00
548,625,400,2026-05-17 07:00
548,625,400,2026-05-17 06:00
548,625,407,2026-05-17 05:00
547,625,407,2026-05-17 04:00
547,627,407,2026-05-17 03:00
547,625,407,2026-05-17 02:00
547,625,407,2026-05-17 01:00
547,627,407,2026-05-17 00:00
547,625,400,2026-05-16 23:00
546,625,415,2026-05-16 22:00
546,625,415,2026-05-16 21:00
546,625,417,2026-05-16 20:00
546,625,417,2026-05-16 19:00
547,625,417,2026-05-16 18:00
547,625,417,2026-05-16 17:00
546,625,400,2026-05-16 16:00
546,625,400,2026-05-16 15:00
546,625,400,2026-05-16 14:00
545,625,400,2026-05-16 13:00
545,625,400,2026-05-16 12:00
546,625,400,2026-05-16 11:00
546,625,400,2026-05-16 10:00
546,625,400,2026-05-16 09:00
546,625,400,2026-05-16 08:00
546,625,400,2026-05-16 07:00
546,625,400,2026-05-16 06:00
546,625,400,2026-05-16 05:00
546,625,400,2026-05-16 04:00
546,625,400,2026-05-16 03:00
546,625,400,2026-05-16 02:00
546,625,400,2026-05-16 01:00
546,625,400,2026-05-16 00:00
546,625,400,2026-05-15 23:00
546,625,400,2026-05-15 22:00
546,625,400,2026-05-15 21:00
546,625,400,2026-05-15 20:00
546,625,405,2026-05-15 19:00
546,625,410,2026-05-15 18:00
546,625,410,2026-05-15 17:00
545,625,412,2026-05-15 16:00
545,625,415,2026-05-15 15:00
546,625,415,2026-05-15 14:00
546,625,412,2026-05-15 13:00
543,625,410,2026-05-15 12:00
546,625,420,2026-05-15 11:00
549,630,420,2026-05-15 10:00
550,625,420,2026-05-15 09:00
545,625,430,2026-05-15 08:00
545,625,430,2026-05-15 07:00
545,625,430,2026-05-15 06:00
545,625,430,2026-05-15 05:00
545,625,430,2026-05-15 04:00
545,625,430,2026-05-15 03:00
545,625,430,2026-05-15 02:00
550,625,430,2026-05-15 01:00
545,625,430,2026-05-15 00:00
545,625,430,2026-05-14 23:00
545,625,430,2026-05-14 22:00
545,625,430,2026-05-14 21:00
545,625,430,2026-05-14 20:00
545,625,430,2026-05-14 19:00
545,625,415,2026-05-14 18:00
545,625,415,2026-05-14 17:00
545,625,415,2026-05-14 16:00
545,625,415,2026-05-14 15:00
545,625,415,2026-05-14 14:00
548,620,415,2026-05-14 13:00
550,625,430,2026-05-14 12:00
545,625,415,2026-05-14 11:00
545,625,440,2026-05-14 10:00
545,625,430,2026-05-14 09:00
545,625,440,2026-05-14 08:00
545,625,440,2026-05-14 07:00
545,625,440,2026-05-14 06:00
545,625,440,2026-05-14 05:00
545,625,440,2026-05-14 04:00
545,625,440,2026-05-14 03:00
545,625,440,2026-05-14 02:00
545,625,440,2026-05-14 01:00
545,625,440,2026-05-14 00:00
545,625,440,2026-05-13 23:00
545,625,440,2026-05-13 22:00
545,625,440,2026-05-13 21:00
545,625,440,2026-05-13 20:00
545,625,440,2026-05-13 19:00
545,625,440,2026-05-13 18:00
545,620,437,2026-05-13 17:00
545,621,437,2026-05-13 16:00
545,621,437,2026-05-13 15:00
545,625,435,2026-05-13 14:00
545,625,435,2026-05-13 13:00
545,625,432,2026-05-13 12:00
550,625,435,2026-05-13 11:00
546,635,432,2026-05-13 10:00
546,635,432,2026-05-13 09:00
545,625,432,2026-05-13 08:00
545,625,432,2026-05-13 07:00
545,625,432,2026-05-13 06:00
545,625,432,2026-05-13 05:00
545,625,432,2026-05-13 04:00
545,625,432,2026-05-13 03:00
545,625,432,2026-05-13 02:00
545,625,432,2026-05-13 01:00
545,625,430,2026-05-13 00:00
545,625,432,2026-05-12 23:00
545,625,432,2026-05-12 22:00
545,625,435,2026-05-12 21:00
545,625,435,2026-05-12 20:00
545,625,435,2026-05-12 19:00
545,625,440,2026-05-12 18:00
545,625,440,2026-05-12 17:00
545,625,440,2026-05-12 16:00
545,625,440,2026-05-12 15:00
545,625,440,2026-05-12 14:00
545,625,440,2026-05-12 13:00
545,625,440,2026-05-12 12:00
545,625,440,2026-05-12 11:00
545,630,437,2026-05-12 10:00
545,625,440,2026-05-12 09:00
545,622,440,2026-05-12 08:00
545,622,440,2026-05-12 07:00
545,622,440,2026-05-12 06:00
545,622,440,2026-05-12 05:00
545,622,440,2026-05-12 04:00
545,625,440,2026-05-12 03:00
545,625,440,2026-05-12 02:00
545,625,440,2026-05-12 01:00
545,625,440,2026-05-12 00:00
542,625,440,2026-05-11 23:00
545,620,437,2026-05-11 22:00
545,620,440,2026-05-11 21:00
545,620,440,2026-05-11 20:00
545,620,440,2026-05-11 19:00
545,625,437,2026-05-11 18:00
544,625,437,2026-05-11 17:00
543,625,437,2026-05-11 16:00
543,625,435,2026-05-11 15:00
543,625,435,2026-05-11 14:00
547,625,430,2026-05-11 13:00
547,625,430,2026-05-11 12:00
542,625,435,2026-05-11 11:00
542,625,427,2026-05-11 10:00
542,625,427,2026-05-11 09:00
542,620,427,2026-05-11 08:00
542,620,425,2026-05-11 07:00
545,620,422,2026-05-11 06:00
542,620,422,2026-05-11 05:00
542,620,422,2026-05-11 04:00
542,620,422,2026-05-11 03:00
542,620,422,2026-05-11 02:00
542,625,422,2026-05-11 01:00
542,622,425,2026-05-11 00:00
542,625,425,2026-05-10 23:00
542,622,422,2026-05-10 22:00
542,622,422,2026-05-10 21:00
542,625,425,2026-05-10 20:00
543,625,425,2026-05-10 19:00
543,625,425,2026-05-10 18:00
543,620,425,2026-05-10 17:00
543,625,425,2026-05-10 16:00
543,620,435,2026-05-10 15:00
544,620,435,2026-05-10 14:00
544,620,430,2026-05-10 13:00
544,620,430,2026-05-10 12:00
543,620,430,2026-05-10 11:00
543,620,425,2026-05-10 10:00
543,620,425,2026-05-10 09:00
542,620,430,2026-05-10 08:00
543,620,430,2026-05-10 07:00
543,620,430,2026-05-10 06:00
543,620,430,2026-05-10 05:00
543,620,430,2026-05-10 04:00
543,620,430,2026-05-10 03:00
543,620,430,2026-05-10 02:00
543,620,425,2026-05-10 01:00
543,620,425,2026-05-10 00:00
553,620,430,2026-05-09 23:00
543,620,425,2026-05-09 22:00
543,620,427,2026-05-09 21:00
543,620,427,2026-05-09 20:00
543,620,420,2026-05-09 19:00
542,620,420,2026-05-09 18:00
542,620,420,2026-05-09 17:00
542,620,420,2026-05-09 16:00
542,620,420,2026-05-09 15:00
542,620,420,2026-05-09 14:00
542,620,420,2026-05-09 13:00
541,620,420,2026-05-09 12:00
541,620,410,2026-05-09 11:00
541,620,410,2026-05-09 10:00
540,620,410,2026-05-09 09:00
540,620,410,2026-05-09 08:00
540,620,410,2026-05-09 07:00
540,620,412,2026-05-09 06:00
540,620,412,2026-05-09 05:00
540,620,412,2026-05-09 04:00
540,620,412,2026-05-09 03:00
540,620,412,2026-05-09 02:00
540,620,412,2026-05-09 01:00
540,620,410,2026-05-09 00:00
540,620,410,2026-05-08 23:00
541,620,410,2026-05-08 22:00
541,620,410,2026-05-08 21:00
542,620,410,2026-05-08 20:00
542,620,410,2026-05-08 19:00
542,620,410,2026-05-08 18:00
542,620,410,2026-05-08 17:00
541,620,410,2026-05-08 16:00
541,620,407,2026-05-08 15:00
540,620,405,2026-05-08 14:00
540,620,405,2026-05-08 13:00
540,620,405,2026-05-08 12:00
540,620,405,2026-05-08 11:00
540,620,405,2026-05-08 10:00
540,618,405,2026-05-08 09:00
546,618,410,2026-05-08 08:00
540,616,410,2026-05-08 07:00
540,618,410,2026-05-08 06:00
540,618,410,2026-05-08 05:00
540,618,410,2026-05-08 04:00
540,618,410,2026-05-08 03:00
540,618,410,2026-05-08 02:00
540,618,410,2026-05-08 01:00
540,618,410,2026-05-08 00:00
540,618,410,2026-05-07 23:00
540,618,410,2026-05-07 22:00
540,619,410,2026-05-07 21:00
540,620,410,2026-05-07 20:00
540,620,410,2026-05-07 19:00
540,620,410,2026-05-07 18:00
540,620,410,2026-05-07 17:00
540,618,410,2026-05-07 16:00
540,618,410,2026-05-07 15:00
540,618,410,2026-05-07 14:00
540,618,415,2026-05-07 13:00
540,618,415,2026-05-07 12:00
550,610,420,2026-05-07 11:00
540,618,420,2026-05-07 10:00
540,618,420,2026-05-07 09:00
540,618,420,2026-05-07 08:00
540,618,432,2026-05-07 07:00
540,618,430,2026-05-07 06:00
540,618,425,2026-05-07 05:00
540,618,425,2026-05-07 04:00
540,618,425,2026-05-07 03:00
540,618,425,2026-05-07 02:00
540,618,425,2026-05-07 01:00
540,618,425,2026-05-07 00:00
540,618,425,2026-05-06 23:00
540,618,430,2026-05-06 22:00
540,618,432,2026-05-06 21:00
540,618,440,2026-05-06 20:00
540,618,440,2026-05-06 19:00
540,618,427,2026-05-06 18:00
540,618,427,2026-05-06 17:00
540,618,427,2026-05-06 16:00
540,618,437,2026-05-06 15:00
540,618,437,2026-05-06 14:00
540,618,425,2026-05-06 13:00
540,618,422,2026-05-06 12:00
540,610,420,2026-05-06 11:00
541,618,420,2026-05-06 10:00
540,620,410,2026-05-06 09:00
540,618,410,2026-05-06 08:00
545,618,400,2026-05-06 07:00
545,618,400,2026-05-06 06:00
540,618,400,2026-05-06 05:00
540,618,400,2026-05-06 04:00
540,618,400,2026-05-06 03:00
540,618,400,2026-05-06 02:00
540,618,400,2026-05-06 01:00
540,615,400,2026-05-06 00:00
540,615,400,2026-05-05 23:00
540,615,400,2026-05-05 22:00
540,615,410,2026-05-05 21:00
540,615,410,2026-05-05 20:00
540,615,420,2026-05-05 19:00
540,615,420,2026-05-05 18:00
540,615,420,2026-05-05 17:00
540,615,420,2026-05-05 16:00
540,615,420,2026-05-05 15:00
536,618,420,2026-05-05 14:00
536,618,420,2026-05-05 13:00
540,618,420,2026-05-05 12:00
540,618,420,2026-05-05 11:00
540,618,420,2026-05-05 10:00
540,617,420,2026-05-05 09:00
547,618,420,2026-05-05 08:00
547,618,420,2026-05-05 07:00
539,619,420,2026-05-05 06:00
539,619,420,2026-05-05 05:00
539,619,420,2026-05-05 04:00
539,619,420,2026-05-05 03:00
539,619,420,2026-05-05 02:00
539,618,420,2026-05-05 01:00
535,619,420,2026-05-05 00:00
539,620,420,2026-05-04 23:00
539,620,420,2026-05-04 22:00
537,620,422,2026-05-04 21:00
540,620,422,2026-05-04 20:00
540,620,420,2026-05-04 19:00
540,620,420,2026-05-04 18:00
543,615,420,2026-05-04 17:00
536,619,420,2026-05-04 16:00
540,618,422,2026-05-04 15:00
540,615,420,2026-05-04 14:00
540,615,412,2026-05-04 13:00
540,625,415,2026-05-04 12:00
540,615,420,2026-05-04 11:00
538,615,421,2026-05-04 10:00
540,615,425,2026-05-04 09:00
535,615,420,2026-05-04 08:00
536,615,420,2026-05-04 07:00
536,615,420,2026-05-04 06:00
536,615,412,2026-05-04 05:00
536,615,412,2026-05-04 04:00
536,615,412,2026-05-04 03:00
536,615,412,2026-05-04 02:00
536,615,412,2026-05-04 01:00
535,615,412,2026-05-04 00:00
542,615,412,2026-05-03 23:00
542,615,412,2026-05-03 22:00
536,615,412,2026-05-03 21:00
536,615,412,2026-05-03 20:00
540,615,405,2026-05-03 19:00
535,615,400,2026-05-03 18:00
535,615,400,2026-05-03 17:00
540,616,400,2026-05-03 16:00
533,615,400,2026-05-03 15:00
535,615,410,2026-05-03 14:00
534,615,400,2026-05-03 13:00
540,615,400,2026-05-03 12:00
540,615,400,2026-05-03 11:00
535,610,400,2026-05-03 10:00
535,610,400,2026-05-03 09:00
535,610,400,2026-05-03 08:00
540,610,400,2026-05-03 07:00
535,610,400,2026-05-03 06:00
535,610,400,2026-05-03 05:00
535,610,400,2026-05-03 04:00
535,610,400,2026-05-03 03:00
535,610,400,2026-05-03 02:00
535,610,400,2026-05-03 01:00
535,610,400,2026-05-03 00:00
535,610,400,2026-05-02 23:00
535,610,400,2026-05-02 22:00
540,610,400,2026-05-02 21:00
535,610,400,2026-05-02 20:00
535,610,405,2026-05-02 19:00
535,610,405,2026-05-02 18:00
535,610,410,2026-05-02 17:00
535,610,415,2026-05-02 16:00
535,610,405,2026-05-02 15:00
542,615,410,2026-05-02 14:00
535,610,415,2026-05-02 13:00
535,610,415,2026-05-02 12:00
535,620,415,2026-05-02 11:00
535,610,407,2026-05-02 10:00
540,610,400,2026-05-02 09:00
540,615,400,2026-05-02 08:00
535,610,400,2026-05-02 07:00
535,610,400,2026-05-02 06:00
535,610,400,2026-05-02 05:00
535,610,400,2026-05-02 04:00
535,610,400,2026-05-02 03:00
535,610,400,2026-05-02 02:00
535,610,400,2026-05-02 01:00
535,610,400,2026-05-02 00:00
535,610,400,2026-05-01 23:00
535,610,412,2026-05-01 22:00
535,610,425,2026-05-01 21:00
535,610,425,2026-05-01 20:00
530,610,425,2026-05-01 19:00
540,610,425,2026-05-01 18:00
539,620,425,2026-05-01 17:00
537,607,400,2026-05-01 16:00
545,605,425,2026-05-01 15:00
537,615,400,2026-05-01 14:00
543,620,400,2026-05-01 13:00
540,605,400,2026-05-01 12:00
535,605,400,2026-05-01 11:00
535,605,400,2026-05-01 10:00
535,605,400,2026-05-01 09:00
535,605,400,2026-05-01 08:00
535,605,400,2026-05-01 07:00
535,605,400,2026-05-01 06:00
535,605,400,2026-05-01 05:00
535,605,400,2026-05-01 04:00
535,605,400,2026-05-01 03:00
535,605,400,2026-05-01 02:00
535,605,400,2026-05-01 01:00
535,605,400,2026-05-01 00:00
535,605,400,2026-04-30 23:00
535,605,400,2026-04-30 22:00
535,605,400,2026-04-30 21:00
538,605,400,2026-04-30 20:00
535,605,400,2026-04-30 19:00
535,605,400,2026-04-30 18:00
535,605,400,2026-04-30 17:00
538,600,400,2026-04-30 16:00
535,610,400,2026-04-30 15:00
535,605,400,2026-04-30 14:00
535,610,400,2026-04-30 13:00
532,610,400,2026-04-30 12:00
535,610,400,2026-04-30 11:00
540,605,395,2026-04-30 10:00
535,605,400,2026-04-30 09:00
534,615,400,2026-04-30 08:00
535,605,400,2026-04-30 07:00
535,605,400,2026-04-30 06:00
535,605,400,2026-04-30 05:00
535,605,400,2026-04-30 04:00
535,605,400,2026-04-30 03:00
535,605,400,2026-04-30 02:00
535,605,400,2026-04-30 01:00
535,605,400,2026-04-30 00:00
535,605,400,2026-04-29 23:00
535,605,400,2026-04-29 22:00
535,605,400,2026-04-29 21:00
535,605,400,2026-04-29 20:00
535,605,400,2026-04-29 19:00
535,605,400,2026-04-29 18:00
536,600,400,2026-04-29 17:00
540,605,400,2026-04-29 16:00
536,605,400,2026-04-29 15:00
533,605,400,2026-04-29 14:00
535,605,400,2026-04-29 13:00
535,605,400,2026-04-29 12:00
536,605,400,2026-04-29 11:00
535,605,400,2026-04-29 10:00
530,605,405,2026-04-29 09:00
532,605,407,2026-04-29 08:00
530,605,420,2026-04-29 07:00
532,605,407,2026-04-29 06:00
532,605,407,2026-04-29 05:00
532,605,407,2026-04-29 04:00
530,605,407,2026-04-29 03:00
532,615,407,2026-04-29 02:00
532,605,405,2026-04-29 01:00
532,605,405,2026-04-29 00:00
532,605,402,2026-04-28 23:00
538,605,407,2026-04-28 22:00
532,605,407,2026-04-28 21:00
531,605,410,2026-04-28 20:00
531,602,405,2026-04-28 19:00
531,602,405,2026-04-28 18:00
531,600,405,2026-04-28 17:00
531,600,407,2026-04-28 16:00
535,605,405,2026-04-28 15:00
530,605,405,2026-04-28 14:00
530,600,415,2026-04-28 13:00
545,610,400,2026-04-28 12:00
545,610,400,2026-04-28 11:00
530,600,420,2026-04-28 10:00
530,600,420,2026-04-28 09:00
530,600,440,2026-04-28 08:00
530,600,410,2026-04-28 07:00
530,600,415,2026-04-28 06:00
530,600,415,2026-04-28 05:00
530,600,415,2026-04-28 04:00
530,600,415,2026-04-28 03:00
530,600,415,2026-04-28 02:00
530,600,415,2026-04-28 01:00
535,600,415,2026-04-28 00:00
530,600,415,2026-04-27 23:00
530,600,410,2026-04-27 22:00
530,600,410,2026-04-27 21:00
535,600,410,2026-04-27 20:00
530,600,410,2026-04-27 19:00
530,600,417,2026-04-27 18:00
540,600,417,2026-04-27 17:00
530,600,410,2026-04-27 16:00
530,600,415,2026-04-27 15:00
540,600,415,2026-04-27 14:00
530,595,410,2026-04-27 13:00
530,600,410,2026-04-27 12:00
530,600,422,2026-04-27 11:00
536,600,415,2026-04-27 10:00
530,600,430,2026-04-27 09:00
530,600,420,2026-04-27 08:00
535,600,420,2026-04-27 07:00
530,600,420,2026-04-27 06:00
530,600,420,2026-04-27 05:00
530,600,420,2026-04-27 04:00
530,600,420,2026-04-27 03:00
530,600,420,2026-04-27 02:00
530,600,420,2026-04-27 01:00
530,600,420,2026-04-27 00:00
530,600,415,2026-04-26 23:00
530,600,415,2026-04-26 22:00
532,600,415,2026-04-26 21:00
530,600,415,2026-04-26 20:00
540,600,410,2026-04-26 19:00
530,600,410,2026-04-26 18:00
537,600,410,2026-04-26 17:00
537,590,412,2026-04-26 16:00
537,590,412,2026-04-26 15:00
537,590,412,2026-04-26 14:00
540,600,430,2026-04-26 13:00
530,600,415,2026-04-26 12:00
530,600,407,2026-04-26 11:00
530,600,400,2026-04-26 10:00
530,600,400,2026-04-26 09:00
535,610,420,2026-04-26 08:00
530,600,410,2026-04-26 07:00
540,600,405,2026-04-26 06:00
530,600,405,2026-04-26 05:00
530,600,405,2026-04-26 04:00
530,600,405,2026-04-26 03:00
530,600,410,2026-04-26 02:00
530,600,420,2026-04-26 01:00
530,600,420,2026-04-26 00:00
530,600,420,2026-04-25 23:00
530,600,415,2026-04-25 22:00
535,605,412,2026-04-25 21:00
530,600,412,2026-04-25 20:00
530,600,412,2026-04-25 19:00
533,600,417,2026-04-25 18:00
540,600,417,2026-04-25 17:00
535,600,420,2026-04-25 16:00
530,600,420,2026-04-25 15:00
530,600,410,2026-04-25 14:00
530,600,410,2026-04-25 13:00
530,600,410,2026-04-25 12:00
531,615,410,2026-04-25 11:00
530,610,405,2026-04-25 10:00
530,600,407,2026-04-25 09:00
530,600,402,2026-04-25 08:00
530,600,402,2026-04-25 07:00
530,600,400,2026-04-25 06:00
530,600,400,2026-04-25 05:00
530,600,400,2026-04-25 04:00
530,600,400,2026-04-25 03:00
530,600,400,2026-04-25 02:00
530,600,400,2026-04-25 01:00
530,600,400,2026-04-25 00:00
530,600,400,2026-04-24 23:00
540,600,400,2026-04-24 22:00
530,600,400,2026-04-24 21:00
530,600,400,2026-04-24 20:00
530,600,400,2026-04-24 19:00
540,600,400,2026-04-24 18:00
535,600,400,2026-04-24 17:00
535,600,400,2026-04-24 16:00
533,600,400,2026-04-24 15:00
530,600,400,2026-04-24 14:00
527,600,400,2026-04-24 13:00
530,600,400,2026-04-24 12:00
530,600,400,2026-04-24 11:00
530,600,400,2026-04-24 10:00
530,600,400,2026-04-24 09:00
535,610,400,2026-04-24 08:00
530,600,400,2026-04-24 07:00
530,600,400,2026-04-24 06:00
530,600,400,2026-04-24 05:00
530,600,400,2026-04-24 04:00
530,600,400,2026-04-24 03:00
530,600,400,2026-04-24 02:00
520,600,400,2026-04-24 01:00
530,600,400,2026-04-24 00:00
530,600,400,2026-04-23 23:00
530,600,400,2026-04-23 22:00
530,600,400,2026-04-23 21:00
530,600,400,2026-04-23 20:00
527,595,400,2026-04-23 19:00
533,600,400,2026-04-23 18:00
535,600,400,2026-04-23 17:00
530,590,400,2026-04-23 16:00
535,600,400,2026-04-23 15:00
530,600,400,2026-04-23 14:00
530,600,400,2026-04-23 13:00
531,600,400,2026-04-23 12:00
540,600,400,2026-04-23 11:00
530,600,402,2026-04-23 10:00
528,600,402,2026-04-23 09:00
535,600,402,2026-04-23 08:00
530,600,400,2026-04-23 07:00
530,600,402,2026-04-23 06:00
530,600,400,2026-04-23 05:00
530,600,400,2026-04-23 04:00
530,600,400,2026-04-23 03:00
530,600,400,2026-04-23 02:00
530,600,400,2026-04-23 01:00
525,600,400,2026-04-23 00:00
530,600,400,2026-04-22 23:00
530,600,400,2026-04-22 22:00
530,600,400,2026-04-22 21:00
530,600,400,2026-04-22 20:00
530,600,402,2026-04-22 19:00
525,600,405,2026-04-22 18:00
525,600,412,2026-04-22 17:00
525,600,405,2026-04-22 16:00
534,600,402,2026-04-22 15:00
530,600,400,2026-04-22 14:00
530,600,400,2026-04-22 13:00
530,600,400,2026-04-22 12:00
530,600,400,2026-04-22 11:00
530,600,400,2026-04-22 10:00
530,600,400,2026-04-22 09:00
528,600,400,2026-04-22 08:00
530,600,400,2026-04-22 07:00
530,600,400,2026-04-22 06:00
530,600,400,2026-04-22 05:00
530,600,400,2026-04-22 04:00
530,600,400,2026-04-22 03:00
530,600,400,2026-04-22 02:00
530,600,400,2026-04-22 01:00
530,600,400,2026-04-22 00:00
530,600,400,2026-04-21 23:00
530,600,400,2026-04-21 22:00
520,600,400,2026-04-21 21:00
525,600,400,2026-04-21 20:00
530,600,400,2026-04-21 19:00
535,600,400,2026-04-21 18:00
535,600,400,2026-04-21 17:00
535,600,400,2026-04-21 16:00
527,600,400,2026-04-21 15:00
530,600,400,2026-04-21 14:00
528,600,400,2026-04-21 13:00
527,600,400,2026-04-21 12:00
530,600,400,2026-04-21 11:00
533,600,400,2026-04-21 10:00
526,600,400,2026-04-21 09:00
528,600,405,2026-04-21 08:00
525,600,400,2026-04-21 07:00
525,600,400,2026-04-21 06:00
525,600,400,2026-04-21 05:00
525,600,400,2026-04-21 04:00
525,600,400,2026-04-21 03:00
525,600,400,2026-04-21 02:00
525,600,400,2026-04-21 01:00
525,600,400,2026-04-21 00:00
533,600,400,2026-04-20 23:00
525,600,400,2026-04-20 22:00
525,600,400,2026-04-20 21:00
535,600,400,2026-04-20 20:00
526,600,397,2026-04-20 19:00
525,600,397,2026-04-20 18:00
540,585,397,2026-04-20 17:00
525,600,395,2026-04-20 16:00
530,600,395,2026-04-20 15:00
526,590,400,2026-04-20 14:00
525,600,400,2026-04-20 13:00
530,590,400,2026-04-20 12:00
530,600,400,2026-04-20 11:00
525,590,400,2026-04-20 10:00
530,600,395,2026-04-20 09:00
530,600,395,2026-04-20 08:00
527,595,395,2026-04-20 07:00
530,600,395,2026-04-20 06:00
525,600,395,2026-04-20 05:00
525,600,395,2026-04-20 04:00
525,600,395,2026-04-20 03:00
525,600,395,2026-04-20 02:00
525,600,395,2026-04-20 01:00
525,600,395,2026-04-20 00:00
525,600,395,2026-04-19 23:00
525,600,395,2026-04-19 22:00
525,600,395,2026-04-19 21:00
525,595,390,2026-04-19 20:00
525,595,390,2026-04-19 19:00
525,595,390,2026-04-19 18:00
525,595,387,2026-04-19 17:00
525,595,385,2026-04-19 16:00
525,600,390,2026-04-19 15:00
525,600,390,2026-04-19 14:00
525,600,390,2026-04-19 13:00
525,600,390,2026-04-19 12:00
525,600,390,2026-04-19 11:00
525,600,390,2026-04-19 10:00
525,600,390,2026-04-19 09:00
528,600,385,2026-04-19 08:00
525,600,390,2026-04-19 07:00
525,600,390,2026-04-19 06:00
525,600,390,2026-04-19 05:00
525,600,390,2026-04-19 04:00
525,600,390,2026-04-19 03:00
525,600,390,2026-04-19 02:00
525,600,390,2026-04-19 01:00
525,600,390,2026-04-19 00:00
525,600,390,2026-04-18 23:00
525,600,390,2026-04-18 22:00
520,600,387,2026-04-18 21:00
520,600,387,2026-04-18 20:00
525,600,385,2026-04-18 19:00
535,610,390,2026-04-18 18:00
535,610,390,2026-04-18 17:00
525,600,390,2026-04-18 16:00
530,600,390,2026-04-18 15:00
525,600,390,2026-04-18 14:00
525,595,390,2026-04-18 13:00
525,595,390,2026-04-18 12:00
530,595,390,2026-04-18 11:00
525,595,390,2026-04-18 10:00
525,595,390,2026-04-18 09:00
525,595,400,2026-04-18 08:00
525,595,400,2026-04-18 07:00
525,595,397,2026-04-18 06:00
525,595,397,2026-04-18 05:00
525,595,400,2026-04-18 04:00
525,595,400,2026-04-18 03:00
525,595,400,2026-04-18 02:00
525,595,400,2026-04-18 01:00
525,595,400,2026-04-18 00:00
525,595,400,2026-04-17 23:00
525,595,400,2026-04-17 22:00
525,595,397,2026-04-17 21:00
530,595,400,2026-04-17 20:00
525,595,390,2026-04-17 19:00
523,595,392,2026-04-17 18:00
525,590,400,2026-04-17 17:00
525,590,400,2026-04-17 16:00
525,595,400,2026-04-17 15:00
528,590,400,2026-04-17 14:00
525,595,400,2026-04-17 13:00
525,595,400,2026-04-17 12:00
525,600,400,2026-04-17 11:00
525,595,400,2026-04-17 10:00
525,592,410,2026-04-17 09:00
525,600,412,2026-04-17 08:00
525,600,405,2026-04-17 07:00
525,590,410,2026-04-17 06:00
525,590,405,2026-04-17 05:00
525,590,405,2026-04-17 04:00
525,590,405,2026-04-17 03:00
525,590,405,2026-04-17 02:00
525,590,405,2026-04-17 01:00
525,590,405,2026-04-17 00:00
525,590,405,2026-04-16 23:00
525,590,402,2026-04-16 22:00
525,590,407,2026-04-16 21:00
525,592,400,2026-04-16 20:00
525,590,405,2026-04-16 19:00
530,590,400,2026-04-16 18:00
525,590,400,2026-04-16 17:00
525,590,400,2026-04-16 16:00
525,590,400,2026-04-16 15:00
525,590,400,2026-04-16 14:00
525,590,400,2026-04-16 13:00
525,590,400,2026-04-16 12:00
525,590,395,2026-04-16 11:00
525,592,390,2026-04-16 10:00
525,590,390,2026-04-16 09:00
525,590,390,2026-04-16 08:00
525,590,390,2026-04-16 07:00
525,590,385,2026-04-16 06:00
525,590,385,2026-04-16 05:00
525,590,385,2026-04-16 04:00
525,590,385,2026-04-16 03:00
525,590,385,2026-04-16 02:00
525,590,385,2026-04-16 01:00
526,590,385,2026-04-16 00:00
525,590,382,2026-04-15 23:00
525,590,380,2026-04-15 22:00
525,590,380,2026-04-15 21:00
525,590,390,2026-04-15 20:00
525,590,390,2026-04-15 19:00
525,590,390,2026-04-15 18:00
525,600,390,2026-04-15 17:00
525,590,390,2026-04-15 16:00
526,590,390,2026-04-15 15:00
525,590,390,2026-04-15 14:00
518,590,380,2026-04-15 13:00
525,590,400,2026-04-15 12:00
525,590,400,2026-04-15 11:00
527,590,400,2026-04-15 10:00
525,590,400,2026-04-15 09:00
525,590,400,2026-04-15 08:00
525,590,400,2026-04-15 07:00
525,590,400,2026-04-15 06:00
525,590,400,2026-04-15 05:00
525,590,400,2026-04-15 04:00
525,590,400,2026-04-15 03:00
525,590,400,2026-04-15 02:00
525,590,400,2026-04-15 01:00
525,590,400,2026-04-15 00:00
525,590,400,2026-04-14 23:00
525,590,400,2026-04-14 22:00
525,590,399,2026-04-14 21:00
525,590,399,2026-04-14 20:00
525,590,400,2026-04-14 19:00
525,590,400,2026-04-14 18:00
527,590,400,2026-04-14 17:00
526,590,400,2026-04-14 16:00
525,590,400,2026-04-14 15:00
525,590,400,2026-04-14 14:00
523,590,399,2026-04-14 13:00
525,590,390,2026-04-14 12:00
525,590,395,2026-04-14 11:00
530,590,390,2026-04-14 10:00
525,590,387,2026-04-14 09:00
525,590,385,2026-04-14 08:00
525,590,390,2026-04-14 07:00
525,590,390,2026-04-14 06:00
525,590,390,2026-04-14 05:00
525,590,390,2026-04-14 04:00
525,590,390,2026-04-14 03:00
525,590,390,2026-04-14 02:00
525,590,390,2026-04-14 01:00
525,590,390,2026-04-14 00:00
525,590,390,2026-04-13 23:00
525,590,390,2026-04-13 22:00
525,590,390,2026-04-13 21:00
525,590,385,2026-04-13 20:00
525,590,385,2026-04-13 19:00
530,590,387,2026-04-13 18:00
525,590,390,2026-04-13 17:00
525,590,385,2026-04-13 16:00
526,590,387,2026-04-13 15:00
530,592,385,2026-04-13 14:00
530,592,385,2026-04-13 13:00
530,590,385,2026-04-13 12:00
525,590,385,2026-04-13 11:00
525,590,390,2026-04-13 10:00
525,600,390,2026-04-13 09:00
525,590,390,2026-04-13 08:00
522,595,390,2026-04-13 07:00
523,590,390,2026-04-13 06:00
526,590,390,2026-04-13 05:00
523,590,390,2026-04-13 04:00
523,590,390,2026-04-13 03:00
523,590,390,2026-04-13 02:00
523,590,390,2026-04-13 01:00
523,590,390,2026-04-13 00:00
523,590,390,2026-04-12 23:00
523,590,390,2026-04-12 22:00
523,590,390,2026-04-12 21:00
523,590,390,2026-04-12 20:00
523,595,392,2026-04-12 19:00
525,595,390,2026-04-12 18:00
525,590,395,2026-04-12 17:00
523,600,395,2026-04-12 16:00
523,590,395,2026-04-12 15:00
525,595,390,2026-04-12 14:00
523,595,392,2026-04-12 13:00
523,595,392,2026-04-12 12:00
520,595,395,2026-04-12 11:00
530,600,395,2026-04-12 10:00
530,595,390,2026-04-12 09:00
520,590,395,2026-04-12 08:00
522,593,395,2026-04-12 07:00
525,592,395,2026-04-12 06:00
525,592,395,2026-04-12 05:00
525,592,395,2026-04-12 04:00
525,592,395,2026-04-12 03:00
525,592,395,2026-04-12 02:00
525,592,395,2026-04-12 01:00
525,593,395,2026-04-12 00:00
515,593,395,2026-04-11 23:00
520,591,397,2026-04-11 22:00
525,590,397,2026-04-11 21:00
525,590,400,2026-04-11 20:00
525,590,395,2026-04-11 19:00
525,591,400,2026-04-11 18:00
520,595,395,2026-04-11 17:00
525,590,395,2026-04-11 16:00
525,590,396,2026-04-11 15:00
530,600,400,2026-04-11 14:00
523,590,400,2026-04-11 13:00
525,590,400,2026-04-11 12:00
520,599,400,2026-04-11 11:00
523,590,395,2026-04-11 10:00
520,595,395,2026-04-11 09:00
530,590,395,2026-04-11 08:00
522,590,395,2026-04-11 07:00
522,590,395,2026-04-11 06:00
522,590,395,2026-04-11 05:00
522,590,395,2026-04-11 04:00
522,590,395,2026-04-11 03:00
522,590,395,2026-04-11 02:00
522,590,395,2026-04-11 01:00
522,590,395,2026-04-11 00:00
522,590,398,2026-04-10 23:00
525,590,395,2026-04-10 22:00
520,590,395,2026-04-10 21:00
520,590,395,2026-04-10 20:00
522,590,395,2026-04-10 19:00
522,590,395,2026-04-10 18:00
525,590,400,2026-04-10 17:00
522,590,400,2026-04-10 16:00
522,590,400,2026-04-10 15:00
526,590,397,2026-04-10 14:00
525,590,385,2026-04-10 13:00
522,590,395,2026-04-10 12:00
520,585,400,2026-04-10 11:00
520,590,400,2026-04-10 10:00
520,590,400,2026-04-10 09:00
520,590,400,2026-04-10 08:00
520,590,400,2026-04-10 07:00
520,590,400,2026-04-10 06:00
520,590,400,2026-04-10 05:00
520,590,400,2026-04-10 04:00
520,590,400,2026-04-10 03:00
520,590,400,2026-04-10 02:00
520,590,400,2026-04-10 01:00
520,590,400,2026-04-10 00:00
520,585,400,2026-04-09 23:00
520,585,400,2026-04-09 22:00
520,590,400,2026-04-09 21:00
520,590,400,2026-04-09 20:00
520,590,400,2026-04-09 19:00
520,590,400,2026-04-09 18:00
520,590,400,2026-04-09 17:00
510,590,400,2026-04-09 16:00
515,580,400,2026-04-09 15:00
525,590,400,2026-04-09 14:00
520,590,400,2026-04-09 13:00
520,590,397,2026-04-09 12:00
520,585,397,2026-04-09 11:00
525,585,400,2026-04-09 10:00
520,585,395,2026-04-09 09:00
525,585,397,2026-04-09 08:00
520,585,395,2026-04-09 07:00
520,585,395,2026-04-09 06:00
520,585,395,2026-04-09 05:00
520,585,395,2026-04-09 04:00
520,585,395,2026-04-09 03:00
520,585,395,2026-04-09 02:00
520,585,395,2026-04-09 01:00
520,585,395,2026-04-09 00:00
520,585,397,2026-04-08 23:00
520,585,397,2026-04-08 22:00
522,580,400,2026-04-08 21:00
522,580,400,2026-04-08 20:00
520,585,395,2026-04-08 19:00
515,585,397,2026-04-08 18:00
520,585,395,2026-04-08 17:00
520,585,397,2026-04-08 16:00
520,585,397,2026-04-08 15:00
520,585,400,2026-04-08 14:00
520,585,400,2026-04-08 13:00
520,585,400,2026-04-08 12:00
520,590,400,2026-04-08 11:00
520,590,400,2026-04-08 10:00
520,585,400,2026-04-08 09:00
520,585,400,2026-04-08 08:00
520,585,400,2026-04-08 07:00
520,585,400,2026-04-08 06:00
520,585,400,2026-04-08 05:00
520,585,400,2026-04-08 04:00
520,585,400,2026-04-08 03:00
520,585,400,2026-04-08 02:00
520,585,400,2026-04-08 01:00
520,585,400,2026-04-08 00:00
520,585,400,2026-04-07 23:00
520,585,400,2026-04-07 22:00
518,585,400,2026-04-07 21:00
520,585,397,2026-04-07 20:00
520,585,392,2026-04-07 19:00
520,585,392,2026-04-07 18:00
520,585,400,2026-04-07 17:00
530,585,392,2026-04-07 16:00
520,590,400,2026-04-07 15:00
520,590,400,2026-04-07 14:00
525,585,400,2026-04-07 13:00
520,585,400,2026-04-07 12:00
520,585,400,2026-04-07 11:00
520,585,395,2026-04-07 10:00
520,585,397,2026-04-07 09:00
520,587,395,2026-04-07 08:00
520,587,395,2026-04-07 07:00
520,590,395,2026-04-07 06:00
520,590,395,2026-04-07 05:00
520,587,395,2026-04-07 04:00
520,587,395,2026-04-07 03:00
520,587,395,2026-04-07 02:00
520,587,395,2026-04-07 01:00
520,587,395,2026-04-07 00:00
520,585,395,2026-04-06 23:00
520,585,395,2026-04-06 22:00
520,585,395,2026-04-06 21:00
523,585,400,2026-04-06 20:00
520,585,400,2026-04-06 19:00
522,585,400,2026-04-06 18:00
521,590,400,2026-04-06 17:00
525,586,400,2026-04-06 16:00
525,586,400,2026-04-06 15:00
525,586,400,2026-04-06 14:00
520,586,390,2026-04-06 13:00
520,586,390,2026-04-06 12:00
525,588,395,2026-04-06 11:00
520,588,395,2026-04-06 10:00
520,586,392,2026-04-06 09:00
524,588,392,2026-04-06 08:00
520,588,395,2026-04-06 07:00
520,588,395,2026-04-06 06:00
518,588,395,2026-04-06 05:00
520,588,395,2026-04-06 04:00
520,588,395,2026-04-06 03:00
520,588,395,2026-04-06 02:00
520,588,395,2026-04-06 01:00
520,588,397,2026-04-06 00:00
520,588,392,2026-04-05 23:00
520,588,392,2026-04-05 22:00
520,588,392,2026-04-05 21:00
520,590,380,2026-04-05 20:00
520,590,390,2026-04-05 19:00
524,590,385,2026-04-05 18:00
520,590,385,2026-04-05 17:00
515,590,385,2026-04-05 16:00
520,590,390,2026-04-05 15:00
520,590,390,2026-04-05 14:00
520,590,390,2026-04-05 13:00
520,587,392,2026-04-05 12:00
520,585,395,2026-04-05 11:00
523,585,395,2026-04-05 10:00
520,585,397,2026-04-05 09:00
521,585,400,2026-04-05 08:00
520,595,395,2026-04-05 07:00
520,585,395,2026-04-05 06:00
520,585,395,2026-04-05 05:00
520,585,395,2026-04-05 04:00
520,585,395,2026-04-05 03:00
520,585,395,2026-04-05 02:00
520,585,395,2026-04-05 01:00
520,585,395,2026-04-05 00:00
520,585,395,2026-04-04 23:00
515,585,397,2026-04-04 22:00
520,585,397,2026-04-04 21:00
520,585,400,2026-04-04 20:00
520,585,400,2026-04-04 19:00
520,585,400,2026-04-04 18:00
523,585,400,2026-04-04 17:00
520,585,400,2026-04-04 16:00
520,585,395,2026-04-04 15:00
515,580,417,2026-04-04 14:00
